id,"Post Type",Title,Content,会場の所属する自治体,会場の存在する自治体名
909,kaijyo,テスト会場★削除★使用しないこと ,,都外,埼玉県
910,kaijyo,テスト会場★削除★使用しないこと ,,都外,
911,kaijyo,会場テスト★削除★使用しないこと ,,都内-区,
912,kaijyo,東京会場★削除★使用しないこと ,,都内-区,
913,kaijyo,東京文化会館,,都内-区,台東区
914,kaijyo,東京都写真美術館,,都内-区,目黒区
915,kaijyo,葛飾区立柴原小学校,,都内-区,葛飾区
916,kaijyo,都立木場公園,,都内-区,江東区
917,kaijyo,東京都現代美術館,,都内-区,江東区
918,kaijyo,品川区立小山小学校,,都内-区,品川区
919,kaijyo,墨田区立緑小学校,,都内-区,墨田区
920,kaijyo,港区立笄小学校,,都内-区,港区
921,kaijyo,大田区立開桜小学校,,都内-区,大田区
922,kaijyo,東京都立八王子盲学校,,都内-市,八王子市
923,kaijyo,杉並区立大宮小学校,,都内-区,杉並区
924,kaijyo,港区立青山小学校,,都内-区,港区
925,kaijyo,東京都立久留米特別支援学校,,都内-市,東久留米市
926,kaijyo,調布市立第一小学校,,都内-区,調布市
927,kaijyo,桐朋学園小学校,,都内-市,国立市
928,kaijyo,東星学園小学校,,都内-市,清瀬市
929,kaijyo,八王子市立第五小学校,,都内-市,八王子市
930,kaijyo,奥多摩町立古里小学校,,都内-町,西多摩郡奥多摩町
931,kaijyo,調布市立八雲台小学校,,都内-市,調布市
932,kaijyo,明法中学・高等学校,,都内-市,東村山市
933,kaijyo,|2F展示室★削除★使用しないこと ,,都内-区,
934,kaijyo,八王子市立上川口小学校,,都内-市,八王子市
935,kaijyo,|B1F展示室★削除★使用しないこと ,,都内-区,
936,kaijyo,府中市立府中第十小学校,,都内-市,府中市
937,kaijyo,小平市立小平第十二小学校,,都内-市,小平市
938,kaijyo,町田市立鶴川第三小学校,,都内-市,
939,kaijyo,稲城市立平尾小学校,,都内-市,稲城市
940,kaijyo,町田市立成瀬中央小学校,,都内-市,町田市
941,kaijyo,東村山市立萩山小学校,,都内-市,東村山市
942,kaijyo,町田市立本町田東小学校,,都内-市,町田市
943,kaijyo,東京都立八王子特別支援学校,,都内-市,八王子市
944,kaijyo,台東区立金竜小学校,,都内-区,台東区
945,kaijyo,台東区立田原小学校,,都内-区,台東区
946,kaijyo,世田谷区立八幡小学校,,都内-区,世田谷区
947,kaijyo,台東区立松葉小学校,,都内-区,台東区
948,kaijyo,台東区立東泉小学校,,都内-区,台東区
949,kaijyo,清瀬市立芝山小学校,,都内-市,清瀬市
950,kaijyo,台東区立育英幼稚園,,都内-区,台東区
951,kaijyo,台東区立田原幼稚園,,都内-区,台東区
952,kaijyo,"日仏会館 - ギャラリー",,都内-区,渋谷区
953,kaijyo,江東区立大島幼稚園,,都内-区,江東区
954,kaijyo,|3F展示室,,都内-区,
955,kaijyo,港区立芝小学校,,都内-区,港区
956,kaijyo,|1Fホール,,都内-区,
957,kaijyo,台東区立東上野保育園,,都内-区,台東区
958,kaijyo,"恵比寿ガーデンプレイス - センター広場",,都内-区,渋谷区
959,kaijyo,滝野川女子学園中学高等学校,,都内-区,北区
960,kaijyo,|2Fロビー★削除★使用しないこと ,,都内-区,
961,kaijyo,練馬区立豊玉小学校,,都内-区,練馬区
962,kaijyo,"恵比寿ガーデンプレイス - ザ・ガーデンホール/ルーム",,都内-区,渋谷区
963,kaijyo,"日仏会館 - ホール（日仏会館ホール）",,都内-区,渋谷区
964,kaijyo,|1Fスタジオ★削除★使用しないこと ,,都内-区,
965,kaijyo,"恵比寿ガーデンプレイス - COMMON EBISU",,都内-区,渋谷区
966,kaijyo,日仏会館,,都内-区,渋谷区
967,kaijyo,"恵比寿ガーデンプレイス - YEBISU GARDEN CINEMA",,都内-区,渋谷区
968,kaijyo,伊東建築塾,,都内-区,渋谷区
969,kaijyo,環状第２号線　新虎通り（愛宕下通り～日比谷通り間）および虎ノ門ヒルズ★削除★使用しないこと ,,都内-区,
970,kaijyo,"MA2 Gallery",,都内-区,渋谷区
971,kaijyo,新虎通り,,都内-区,港区
972,kaijyo,"Gallery 工房 親",,都内-区,渋谷区
973,kaijyo,"MuCuL studio",,都内-区,渋谷区
974,kaijyo,"NADiff a/p/a/r/t",,都内-区,渋谷区
975,kaijyo,"G/P gallery",,都内-区,渋谷区
976,kaijyo,MEM,,都内-区,渋谷区
977,kaijyo,statements,,,
978,kaijyo,WAITINGROOM,,,
979,kaijyo,"虎ノ門ヒルズ - 2F アトリウム",,都内-区,港区
980,kaijyo,アーツイニシアティヴトウキョウ（AIT）,,都内-区,渋谷区
981,kaijyo,"虎ノ門ヒルズ - 2F オーバル広場",,都内-区,港区
982,kaijyo,AL（TRAUMARIS）,,都内-区,渋谷区
983,kaijyo,"虎ノ門ヒルズフォーラム - 4F ホールB",,都内-区,港区
984,kaijyo,LIBRAIRIE6,,都内-区,渋谷区
985,kaijyo,"虎ノ門ヒルズフォーラム - 4F エントランス",,都内-区,港区
986,kaijyo,東京都庭園美術館,,都内-区,港区
987,kaijyo,"虎ノ門ヒルズフォーラム - 5F メインホール",,都内-区,港区
988,kaijyo,"福徳の森 - 特設ステージ",,都内-区,中央区
989,kaijyo,|本館★削除★使用しないこと,,都内-区,
990,kaijyo,東京都江戸東京博物館,,都内-区,墨田区
991,kaijyo,|常設展示室5階中村座前★削除★使用しないこと,,都内-区,
992,kaijyo,江戸東京たてもの園,,都内-市,小金井市
993,kaijyo,"清澄白河駅 - 周辺エリア",,都内-区,江東区
994,kaijyo,東京オペラシティ,,都内-区,新宿区
995,kaijyo,江戸桜通り地下歩道,,都内-区,中央区
996,kaijyo,橋楽亭,,都内-区,中央区
997,kaijyo,福徳の森日本橋★削除★使用しないこと,,都内-区,
998,kaijyo,江東区深川江戸資料館,,都内-区,江東区
999,kaijyo,福徳の森,,都内-区,中央区
1000,kaijyo,|小劇場★削除★使用しないこと,,都内-区,
1001,kaijyo,"福徳神社 - 周辺",,都内-区,中央区
1002,kaijyo,"コレド室町1 ‐ 5階 日本橋三井ホール",,都内-区,中央区
1003,kaijyo,オリンパスホール八王子,,都内-市,八王子市
1004,kaijyo,#NAME?★削除★使用しないこと,,都内-区,
1005,kaijyo,"ザ・ロイヤル・スコッツマン（The Royal Scotsman）",,都内-区,新宿区
1006,kaijyo,縁香園,,都内-区,新宿区
1007,kaijyo,風雅すたいるカフェ,,都内-区,新宿区
1008,kaijyo,神楽坂モノガタリ,,都内-区,新宿区
1009,kaijyo,旧駄菓子屋（江東区）,,都内-区,江東区
1010,kaijyo,神楽坂界隈（神楽坂まち舞台・大江戸めぐり）,,都内-区,新宿区
1011,kaijyo,グランチェスター・ハウス,,都内-区,江東区
1012,kaijyo,深川資料館通り商店街協同組合事務所,,都内-区,江東区
1013,kaijyo,赤い庇の旧印刷所（江東区）,,都内-区,江東区
1014,kaijyo,Ｆ邸（江東区）,,都内-区,江東区
1015,kaijyo,東京都美術館,,都内-区,台東区
1016,kaijyo,|企画棟　企画展示室★削除★使用しないこと,,都内-区,
1017,kaijyo,|大ホール★削除★使用しないこと,,都内-区,
1018,kaijyo,|大会議室★削除★使用しないこと,,都内-区,
1019,kaijyo,アクロス福岡,,都外,福岡県
1020,kaijyo,"アクロス福岡 - 福岡シンフォニーホール",,都外,福岡県
1021,kaijyo,愛知県芸術劇場,,都外,愛知県
1022,kaijyo,東京芸術劇場,,都内-区,豊島区
1023,kaijyo,|コンサートホール★削除★使用しないこと,,都内-区,
1024,kaijyo,いわき芸術文化交流館アリオス,,都外,福島県
1025,kaijyo,たましんRISURUホール（立川市民会館）,,都内-市,立川市
1026,kaijyo,六本木ヒルズアリーナ,,都内-区,港区
1027,kaijyo,国立劇場,,都内-区,千代田区
1028,kaijyo,|大劇場★削除★使用しないこと,,都内-区,
1029,kaijyo,狛江エコルマホール,,都内-市,狛江市
1030,kaijyo,東京国際フォーラム,,都内-区,千代田区
1031,kaijyo,Bunkamura,,都内-区,渋谷区
1032,kaijyo,"Bunkamura - オーチャードホール",,都内-区,渋谷区
1033,kaijyo,"毘沙門天善國寺 - 境内 特設ステージ",,都内-区,新宿区
1034,kaijyo,サントリーホール,,都内-区,港区
1035,kaijyo,江戸川区総合文化センター,,都内-区,江戸川区
1036,kaijyo,ギャラクシティ西新井,,都内-区,足立区
1037,kaijyo,新宿文化センター,,都内-区,新宿区
1038,kaijyo,きゅりあん（品川区立総合区民会館）,,都内-区,品川区
1039,kaijyo,府中の森芸術劇場,,都内-市,府中市
1040,kaijyo,羽村市生涯学習センターゆとろぎ,,都内-市,羽村市
1041,kaijyo,"くにたち市民芸術 - 小ホール",,都内-市,国立市
1042,kaijyo,KOTORIホール（昭島市民会館）,,都内-市,昭島市
1043,kaijyo,調布市グリーンホール,,都内-市,調布市
1044,kaijyo,板橋区立文化会館,,都内-区,板橋区
1045,kaijyo,北とぴあ,,都内-区,北区
1046,kaijyo,パルテノン多摩,,都内-市,多摩市
1047,kaijyo,西東京市保谷こもれびホール,,都内-市,西東京市
1048,kaijyo,武蔵村山市民会館（さくらホール）,,都内-市,武蔵村山市
1049,kaijyo,三鷹市芸術文化センター,,都内-市,三鷹市
1050,kaijyo,めぐろパーシモンホール,,都内-区,目黒区
1051,kaijyo,ティアラこうとう（江東公会堂）,,都内-区,江東区
1052,kaijyo,かつしかシンフォニーヒルズ,,都内-区,葛飾区
1053,kaijyo,秋川キララホール,,都内-市,あきる野市
1054,kaijyo,練馬区立練馬文化センター,,都内-区,練馬区
1055,kaijyo,"小金井 宮地楽器ホール（小金井市民交流センター）",,都内-市,小金井市
1056,kaijyo,大田区民ホール・アプリコ,,都内-区,大田区
1057,kaijyo,会場テスト２★削除★使用しないこと,,都内-区,
1206,kaijyo,浜離宮恩賜庭園,,都内-区,中央区
1207,kaijyo,瑞穂ビューパーク・スカイホール,,都内-町,西多摩郡瑞穂町
1208,kaijyo,奥多摩文化会館,,都内-町,西多摩郡奥多摩町
1209,kaijyo,町田市民ホール,,都内-市,町田市
1210,kaijyo,神津島村生きがい健康センター,,都内-村,神津島村
1211,kaijyo,神津村立神津小学校,,都内-村,神津島村
1212,kaijyo,"小金井 宮地楽器ホール - 大ホール",,都内-市,小金井市
1213,kaijyo,"日の出町 やまびこホール",,都内-町,西多摩郡日の出町
1214,kaijyo,八丈町立大賀郷小学校,,都内-町,八丈町
1215,kaijyo,"八丈町多目的ホール おじゃれ",,都内-町,八丈町
1216,kaijyo,"福生市民会館 - 大ホール（もくせいホール）",,都内-市,福生市
1218,kaijyo,"檜原村やすらぎの里 - 多目的ホール",,都内-村,西多摩郡檜原村
1225,kaijyo,"東京神楽坂組合 - 見番",,都内-区,新宿区
1227,kaijyo,"赤城神社 神楽殿",,都内-区,新宿区
1232,kaijyo,"江戸東京たてもの園 - 東ゾーン 子宝湯",,都内-市,小金井市
1246,kaijyo,"国立西洋美術館 - 本館１階ロビー",,都内-区,台東区
1275,kaijyo,瀧野川女子学園中学高等学校,,都内-区,北区
1283,kaijyo,平野の旧印刷所（江東区）,,都内-区,江東区
1286,kaijyo,"東京文化会館 - キャノピー広場スペース",,都内-区,台東区
1288,kaijyo,佐藤慶太郎記念アートラウンジ★使っていたら東京都美術館の方に変更,,都内-区,台東区
1290,kaijyo,東京都恩賜上野動物園,,都内-区,台東区
1292,kaijyo,"東京都恩賜上野動物園 - 西園 動物園ステージ",,都内-区,台東区
1293,kaijyo,旧岩崎邸庭園　,,都内-区,台東区
1294,kaijyo,洋館１階★削除★使用しないこと,,都内-区,
1299,kaijyo,小劇場★削除★使用しないこと,,都内-区,
1307,kaijyo,東京国立博物館,,都内-区,台東区
1308,kaijyo,法隆寺宝物館,,都内-区,台東区
1309,kaijyo,台東区立下町風俗資料館付設展示場(旧吉田屋酒店),,都内-区,台東区
1310,kaijyo,旧吉田屋酒店★削除★使用しないこと,,都内-区,台東区
1311,kaijyo,"国立科学博物館 - 日本館 1F 中央ホール",,都内-区,台東区
1318,kaijyo,リトルトーキョー（江東区）,,都内-区,江東区
1323,kaijyo,江東区芭蕉記念館,,都内-区,江東区
1324,kaijyo,江東区立深川図書館,,都内-区,江東区
1325,kaijyo,"法苑山 浄心寺",,都内-区,江東区
1326,kaijyo,あづま屋文具店,,都内-区,江東区
1327,kaijyo,田巻屋（江東区）,,都内-区,江東区
1328,kaijyo,大久保クリーニング（江東区）,,都内-区,江東区
1329,kaijyo,三河屋精米店（江東区）,,都内-区,江東区
1330,kaijyo,杉原商店（江東区）,,都内-区,江東区
1331,kaijyo,"アライズ コーヒーロースターズ",,都内-区,江東区
1332,kaijyo,"fukadaso CAFE",,都内-区,江東区
1333,kaijyo,"iki ESPRESSO TOKYO",,都内-区,江東区
1334,kaijyo,"ALLPRESS ESPRESSO",,都内-区,江東区
1335,kaijyo,"mamma cafe 151A",,都内-区,江東区
1336,kaijyo,しまぶっく（江東区）,,都内-区,江東区
1337,kaijyo,smokebooks（清澄白河店）,,都内-区,江東区
1338,kaijyo,NOiS清澄白河,,都内-区,江東区
1358,kaijyo,"東京文化会館 - 大ホール",,都内-区,台東区
1359,kaijyo,"東京文化会館 - 小ホール",,都内-区,台東区
1363,kaijyo,"Coci la elle（コシラエル本店）",,都内-区,江東区
1373,kaijyo,"東京オペラシティ - リサイタルホール",,都内-区,新宿区
1375,kaijyo,井政「神田の家」（千代田区）,,都内-区,千代田区
1376,kaijyo,安養院（板橋区）,,都内-区,板橋区
1379,kaijyo,メゾン・ドゥ・ラ・ムジーク,,都外,海外（フランス）
1380,kaijyo,"秋葉原CLUB GOODMAN",,都内-区,千代田区
1383,kaijyo,"アントワープ王立音楽院 ‐ コンサートホール",,都外,海外（ベルギー）
1384,kaijyo,ノイミュンスター修道院,,都外,海外（ルクセンブルク）
1389,kaijyo,武蔵野スイングホール,,都内-市,武蔵野市
1392,kaijyo,"カトリック東京カテドラル関口教会 - 聖マリア大聖堂",,都内-区,文京区
1394,kaijyo,近江楽堂★削除★使用しないこと,,都内-区,
1395,kaijyo,"渋谷区文化総合センター大和田 - 伝承ホール",,都内-区,渋谷区
1396,kaijyo,"東京オペラシティ - 3F 近江楽堂",,都内-区,新宿区
1398,kaijyo,"北京Beijing Penghao Theatre",,都外,海外（中国）
1399,kaijyo,"香港Coming Society",,都外,海外（中国）
1400,kaijyo,バンコク（タイ王国）,,都外,海外（タイ）
1402,kaijyo,"Théâtre de Gennevilliers",,都外,海外（フランス）
1404,kaijyo,ニューデリー日本文化センター（ニューデリー）,,都外,海外（インド）
1405,kaijyo,Shoonya（バンガロール）,,都外,海外（インド）
1406,kaijyo,"Sahyande Theatre（ケーララ）",,都外,海外（インド）
1408,kaijyo,国立台北藝術大学（台北）,,都外,海外（台湾）
1410,kaijyo,シアター風姿花伝,,都内-区,新宿区
1426,kaijyo,"東京都美術館 - 佐藤慶太郎記念アートラウンジ",,都内-区,台東区
1432,kaijyo,"国立国会図書館 ‐ 国際子ども図書館 レンガ棟 3 階ホール",,都内-区,台東区
1433,kaijyo,"江東区深川江戸資料館 - 小劇場",,都内-区,江東区
1436,kaijyo,"gift_lab GARAGE",,都内-区,江東区
1438,kaijyo,"清澄庭園 - 清澄庭園大正記念館",,都内-区,江東区
1440,kaijyo,"東京芸術劇場 - プレイハウス",,都内-区,豊島区
1441,kaijyo,"東京芸術劇場 - シアターイースト",,都内-区,豊島区
1442,kaijyo,"東京芸術劇場 - コンサートホール",,都内-区,豊島区
1443,kaijyo,"東京芸術劇場 - ギャラリー 1",,都内-区,豊島区
1444,kaijyo,"東京芸術劇場 - シアターウエスト",,都内-区,豊島区
1445,kaijyo,ＭＯＴスポット各所,,都内-区,江東区
1446,kaijyo,"東京芸術劇場 - ギャラリー 2",,都内-区,豊島区
1447,kaijyo,"東京芸術劇場 - アトリエイースト",,都内-区,豊島区
1448,kaijyo,"東京芸術劇場 - アトリエウエスト",,都内-区,豊島区
1450,kaijyo,"江東区立深川図書館 - 3Fホール",,都内-区,江東区
1457,kaijyo,"旧岩崎邸庭園 ‐ 洋館内",,都内-区,台東区
1458,kaijyo,"東京国立博物館 - 法隆寺宝物館",,都内-区,台東区
1461,kaijyo,三好地区集会所（江東区）,,都内-区,江東区
1464,kaijyo,アートト,,都内-区,江東区
1466,kaijyo,NICA（東京都中央区）★削除★使用しないこと,,都内-区,
1467,kaijyo,"NICA (Nihonbashi Institute of Contemporary Arts)",,都内-区,中央区
1471,kaijyo,プーク人形劇場,,都内-区,渋谷区
1472,kaijyo,大島町総合開発センター,,都外,宮城県
1473,kaijyo,桐朋芸術短期大学,,都内-市,調布市
1476,kaijyo,こまばアゴラ劇場,,都内-区,目黒区
1480,kaijyo,吉祥寺シアター,,都内-市,武蔵野市
1481,kaijyo,"国立新美術館 - 企画展示室 2F",,都内-区,港区
1483,kaijyo,シアタートラム,,都内-区,世田谷区
1490,kaijyo,"東京都庭園美術館 - 本館（旧朝香宮邸）",,都内-区,港区
1491,kaijyo,"東京都庭園美術館 - 新館",,都内-区,港区
1492,kaijyo,"東京都庭園美術館 - 新館 ギャラリー1",,都内-区,港区
1493,kaijyo,"東京都庭園美術館 - 新館 ギャラリー2",,都内-区,港区
1494,kaijyo,"東京都庭園美術館 - 庭園",,都内-区,港区
1495,kaijyo,"東京都現代美術館 - 1F 企画展示室",,都内-区,江東区
1496,kaijyo,"東京都現代美術館 - 1F 常設展示室",,都内-区,江東区
1497,kaijyo,"東京都現代美術館 - 3F 企画展示室",,都内-区,江東区
1498,kaijyo,"東京都現代美術館 - 3F 常設展示室",,都内-区,江東区
1499,kaijyo,"東京都現代美術館 - B2F 企画展示室",,都内-区,江東区
1501,kaijyo,"東京都江戸東京博物館 - 1F 特別展示室",,都内-区,墨田区
1502,kaijyo,"東京都江戸東京博物館 - 5F 常設展示室",,都内-区,墨田区
1503,kaijyo,"東京都江戸東京博物館 - 6F 常設展示室",,都内-区,墨田区
1504,kaijyo,"東京都江戸東京博物館 - 7F 図書室",,都内-区,墨田区
1505,kaijyo,"東京都江戸東京博物館 - 7F 映像ライブラリー",,都内-区,墨田区
1506,kaijyo,"東京都江戸東京博物館 - 1F 小ホール（旧 映像ホール）",,都内-区,墨田区
1507,kaijyo,"東京都江戸東京博物館 - 1F 貸出施設 大ホール",,都内-区,墨田区
1508,kaijyo,"東京都江戸東京博物館 - 1F 貸出施設 小ホール",,都内-区,墨田区
1509,kaijyo,"東京都江戸東京博物館 - 1F 貸出施設 会議室",,都内-区,墨田区
1510,kaijyo,"東京都江戸東京博物館 - 1F 貸出施設 学習室1",,都内-区,墨田区
1511,kaijyo,"東京都江戸東京博物館 - 1F 貸出施設 学習室2",,都内-区,墨田区
1512,kaijyo,"東京都写真美術館 - 1F ホール",,都内-区,目黒区
1513,kaijyo,"東京都写真美術館 - 1F スタジオ",,都内-区,目黒区
1514,kaijyo,"東京都写真美術館 - 2F 展示室",,都内-区,目黒区
1515,kaijyo,"東京都写真美術館 - 3F 展示室",,都内-区,目黒区
1516,kaijyo,"東京都写真美術館 - 4F 図書室",,都内-区,目黒区
1517,kaijyo,"東京都写真美術館 - B1F 展示室",,都内-区,目黒区
1518,kaijyo,"クラフト工房La Mano",,都内-市,町田市
1519,kaijyo,"東京オペラシティ - コンサートホール",,都内-区,新宿区
1520,kaijyo,"東京オペラシティ - アートギャラリー",,都内-区,新宿区
1521,kaijyo,"東京都美術館 – 美術情報室",,都内-区,台東区
1522,kaijyo,"東京都美術館 – LBF 企画展示室",,都内-区,台東区
1523,kaijyo,"東京都美術館 – LBF 第1公募展示室",,都内-区,台東区
1524,kaijyo,"東京都美術館 – LBF 第2公募展示室",,都内-区,台東区
1525,kaijyo,"東京都美術館 – LBF 第3公募展示室",,都内-区,台東区
1526,kaijyo,"東京都美術館 – LBF 第4公募展示室",,都内-区,台東区
1527,kaijyo,"東京都美術館 – 1F 企画展示室",,都内-区,台東区
1528,kaijyo,"東京都美術館 – 1F 第1公募展示室",,都内-区,台東区
1529,kaijyo,"東京都美術館 – 1F 第2公募展示室",,都内-区,台東区
1530,kaijyo,"東京都美術館 – 1F 第3公募展示室",,都内-区,台東区
1531,kaijyo,"東京都美術館 – 1F 第4公募展示室",,都内-区,台東区
1532,kaijyo,"東京都美術館 – 2F 企画展示室",,都内-区,台東区
1533,kaijyo,"東京都美術館 – 2F 第1公募展示室",,都内-区,台東区
1534,kaijyo,"東京都美術館 – 2F 第2公募展示室",,都内-区,台東区
1535,kaijyo,"東京都美術館 – 2F 第3公募展示室",,都内-区,台東区
1536,kaijyo,"東京都美術館 – 2F 第4公募展示室",,都内-区,台東区
1537,kaijyo,"東京都美術館 – B3F ギャラリーA",,都内-区,台東区
1538,kaijyo,"東京都美術館 – B3F ギャラリーB",,都内-区,台東区
1539,kaijyo,"東京都美術館 – B2F ギャラリーC",,都内-区,台東区
1542,kaijyo,"社会福祉法人きょうされん リサイクル洗びんセンター",,都内-市,昭島市
1544,kaijyo,シューレ大学,,都内-区,新宿区
1546,kaijyo,板橋区立小茂根福祉園,,都内-区,板橋区
1548,kaijyo,大田区立障がい者総合サポートセンター,,都内-区,大田区
1550,kaijyo,社会福祉法人旭川荘,,都外,岡山県
1552,kaijyo,子ども食堂（大田区）,,都内-区,大田区
1554,kaijyo,"東京都庭園美術館 - 本館（旧朝香宮邸）大広間",,都内-区,港区
1557,kaijyo,しょうぶ学園（鹿児島県）,,都外,鹿児島県
1559,kaijyo,アプローズ南青山,,都内-区,港区
1561,kaijyo,ハーモニー（世田谷区）,,都内-区,世田谷区
1566,kaijyo,"東京藝術大学 - 美術学部中央棟2階 第3講義室",,都内-区,台東区
1570,kaijyo,"東京都美術館 - 講堂",,都内-区,台東区
1571,kaijyo,"東京都江戸東京博物館 - 5F 常設展示室内 5F企画展示室",,都内-区,墨田区
1574,kaijyo,"東京都美術館 - 交流棟 2F アートスタディルーム",,都内-区,台東区
1575,kaijyo,"アーツ千代田3331 - 3F アーツカウンシル東京ROOM302",,都内-区,千代田区
1643,kaijyo,瀋陽故宮博物院,,都外,海外（中国）
1648,kaijyo,"東京都江戸東京博物館 - 5F 常設展示室 中村座前",,都内-区,
1686,kaijyo,ザ・パペット・シアター・ピノキオ（セルビア/ベオグラード）,,都外,海外（セルビア）
1687,kaijyo,ザ・パペット・シアター・ニシュ（セルビア/ニシュ）,,都外,海外（セルビア）
1688,kaijyo,ユースシアター・ノヴィ・サド（セルビア/ノヴィ・サド）,,都外,海外（セルビア）
1689,kaijyo,チルドレンシアターブランコミハイジェヴィック　イン　オシエク（クロアチア/オシエク）,,都外,海外（クロアチア）
1690,kaijyo,カザリステ　ヴィロヴィティツァ（クロアチア/ヴィロヴィティツァ）,,都外,海外（クロアチア）
1691,kaijyo,シアターカンパニーピンクレック（クロアチア/チャコベツ）★重複,,都外,海外（クロアチア）
1692,kaijyo,シアターカンパニーピンクレック（クロアチア/チャコベツ）,,都外,海外（クロアチア）
1693,kaijyo,浅草九劇,,都内-区,台東区
1694,kaijyo,"ゴングシアター（Gong Theater）",,都外,"海外（ルーマニア ）"
1695,kaijyo,"ジャカルタ藝術大学（Jakarta Institute of the Arts）",,都外,海外（インドネシア）
1696,kaijyo,"バンコク・アート＆カルチャー・センター（Bangkok Art & Culture Center ）(BACC)",,都外,海外（タイ）
1698,kaijyo,世田谷パブリックシアター,,都内-区,世田谷区
1700,kaijyo,d-倉庫,,都内-区,荒川区
1704,kaijyo,セッションハウス（新宿区）,,都内-区,新宿区
1706,kaijyo,"東京芸術センター - ホワイトスタジオ",,都内-区,足立区
1710,kaijyo,国立奥多摩美術館,,都内-市,青梅市
1712,kaijyo,東京大学,,都内-区,文京区
1713,kaijyo,森美術館,,都内-区,港区
1716,kaijyo,東京ステーションギャラリー,,都内-区,千代田区
1718,kaijyo,"ギャラクシティ - まるちたいけんドーム",,都内-区,足立区
1720,kaijyo,スパイラルガーデン★重複,,都内-区,
1721,kaijyo,"スパイラル（港区） - スパイラルガーデン",,都内-区,港区
1723,kaijyo,ギャラリーαＭ,,都内-区,千代田区
1725,kaijyo,"ハート・ギャラリー（H’art Gallery）",,都外,"海外（ルーマニア ）"
1728,kaijyo,"東京工業大学 - 西9号館ディジタル多目的ホール",,都内-区,目黒区
1729,kaijyo,Dynastiegebouw,,都外,海外（ベルギー）
1730,kaijyo,アスクナ・セントロア,,都外,海外（スペイン）
1731,kaijyo,"Palco da Sala Principal★場所不明",,都内-区,
1733,kaijyo,"フリーマントル・アーツ・センター（Fremantle Arts Centre）",,都外,海外（オーストラリア）
1735,kaijyo,ライン・フリードリヒ・ヴィルヘルム大学ボン,,都外,海外（ドイツ）
1737,kaijyo,"C&G アートパートメント（香港）",,都外,海外（中国）
1738,kaijyo,フローティングプロジェクツ（香港）,,都外,海外（中国）
1741,kaijyo,"新宿駅西口広場 ‐ イベントコーナー",,都内-区,新宿区
1744,kaijyo,トーキョーアーツアンドスペースレジデンシー,,都内-区,墨田区
1790,kaijyo,よみうり大手町ホール,,都内-区,千代田区
1794,kaijyo,日比谷公園,,都内-区,千代田区
1795,kaijyo,"日比谷公園 - 小音楽堂",,都内-区,千代田区
1796,kaijyo,"紀尾井ホール - 紀尾井小ホール",,都内-区,千代田区
1798,kaijyo,"国立能楽堂 ‐ 能舞台",,都内-区,渋谷区
1803,kaijyo,国立能楽堂,,都内-区,渋谷区
1806,kaijyo,霞が関ナレッジスクエアー,,都内-区,千代田区
1808,kaijyo,"妙壽寺 - 本堂",,都内-区,世田谷区
1810,kaijyo,"Cultural and Creative district of Taiwan Power Company",,都外,海外（台湾）
1811,kaijyo,"Waley Art space",,都外,海外（台湾）
1812,kaijyo,Thinkers’Theatre,,都外,海外（台湾）
1813,kaijyo,"The Pier-2 Art Center",,都外,海外（台湾）
1814,kaijyo,"Live warehouse",,都外,海外（台湾）
1815,kaijyo,"89 PIER-2 CINEMA",,都外,海外（台湾）
1816,kaijyo,"Kaohsiung experimental theatre",,都外,海外（台湾）
1818,kaijyo,"豊島区舞台芸術交流センター（あうるすぽっと） - 会議室",,都内-区,豊島区
1819,kaijyo,芸能花伝舎,,都内-区,新宿区
1821,kaijyo,新豊洲ブリリア・ランニングスタジアム,,都内-区,江東区
1825,kaijyo,"HIGH FEST International Performing Arts Festival, Hamazgayin State Theatre",,都外,海外（ロシア）
1826,kaijyo,国立現代美術センター★場所不明,,都内-区,
1827,kaijyo,"Long Arms Festival, DOM Cultural Center",,都外,海外（ロシア）
1828,kaijyo,杉並区立天沼小学校,,都内-区,杉並区
1834,kaijyo,スーパー・デラックス（港区）,,都内-区,港区
1837,kaijyo,東京藝術大学大学美術館,,都内-区,台東区
1847,kaijyo,"国立国会図書館 - 国際子ども図書館",,都内-区,千代田区
1848,kaijyo,国立科学博物館,,都内-区,台東区
1849,kaijyo,東京藝術大学,,都内-区,台東区
1850,kaijyo,国立西洋美術館,,都内-区,台東区
1851,kaijyo,上野の森美術館,,都内-区,台東区
1857,kaijyo,3331アーツ千代田,,都内-区,千代田区
1867,kaijyo,"東京芸術大学 - 上野キャンパス",,都内-区,台東区
1871,kaijyo,"中町公園（八王子市） - 屋外ステージ",,都内-市,八王子市
1875,kaijyo,"横山町公園（八王子市） - 屋外ステージ",,都内-市,八王子市
1878,kaijyo,横山町公園（八王子市）,,都内-市,八王子市
1879,kaijyo,駅前銀座通り（八王子市）,,都内-市,八王子市
1880,kaijyo,"テアトル・ドゥ・ラ・メール（Théâtre de la Mer）",,都外,海外（フランス）
1881,kaijyo,LIQUIDROOM,,都内-区,渋谷区
1883,kaijyo,"北とぴあ - つつじホール",,都内-区,北区
1885,kaijyo,"スカンジナビアハウス - ヴィクター・ボージ ホール",,都内-区,海外（アメリカ）
1886,kaijyo,国際交流基金ニューヨーク日本文化センター,,都外,海外（アメリカ）
1887,kaijyo,"コロンビア大学 - ドッジホール",,都外,海外（アメリカ）
1889,kaijyo,ラオプラザホテル,,都外,海外（ラオス）
1890,kaijyo,国立音楽舞踊学校★場所不明,,都内-区,
1891,kaijyo,キティサック・インターナショナル校,,都外,海外（ラオス）
1892,kaijyo,サトリハウス★場所不明,,都内-区,
1893,kaijyo,"東京国立博物館 - 国立舞踊劇場",,都内-区,台東区
1894,kaijyo,ソフィテル★場所不明,,都内-区,
1895,kaijyo,スターパインズカフェ,,都内-市,武蔵野市
1896,kaijyo,パトラワディシアター,,都外,海外（タイ）
1900,kaijyo,"すみだトリフォニーホール - 大ホール",,都内-区,墨田区
1902,kaijyo,森下文化センター,,都内-区,江東区
1903,kaijyo,豊洲文化センター,,都内-区,江東区
1904,kaijyo,江東区文化センター,,都内-区,江東区
1906,kaijyo,CCSP（CentroCulturalSãoPaulo／サンパウロ市文化センター）,,都外,海外（ブラジル）
1908,kaijyo,本多劇場,,都内-区,世田谷区
1911,kaijyo,"音楽実験室 - 新世界",,都内-区,港区
1913,kaijyo,下北沢「劇」小劇場,,都内-区,世田谷区
1915,kaijyo,CLASKA（クラスカ）（目黒区）,,都内-区,目黒区
1918,kaijyo,すみだパークスタジオ倉,,都内-区,墨田区
1920,kaijyo,"森下スタジオ（江東区） - 本館 C",,都内-区,江東区
1922,kaijyo,下北沢ザ・スズナリ,,都内-区,世田谷区
1924,kaijyo,エストニア国立博物館,,都外,海外（エストニア）
1925,kaijyo,"Vaba Lava",,都外,海外（エストニア）
1928,kaijyo,豊島区舞台芸術交流センター（あうるすぽっと）,,都内-区,豊島区
1930,kaijyo,"DDD AOYAMA クロスシアター",,都内-区,渋谷区
1933,kaijyo,"江戸東京たてもの園 - 西ゾーン 小出邸★重複",,都内-市,小金井市
1934,kaijyo,"江戸東京たてもの園 - 西ゾーン 奄美の高倉",,都内-市,小金井市
1935,kaijyo,"江戸東京たてもの園 - 西ゾーン 三井八郎右衛門邸",,都内-市,小金井市
1936,kaijyo,"江戸東京たてもの園 - 西ゾーン 常盤台写真場",,都内-市,小金井市
1937,kaijyo,"江戸東京たてもの園 - 西ゾーン 綱島家（農家）",,都内-市,小金井市
1938,kaijyo,"江戸東京たてもの園 - 西ゾーン 田園調布の家（大川邸）",,都内-市,小金井市
1939,kaijyo,"江戸東京たてもの園 - 西ゾーン 前川國男邸",,都内-市,小金井市
1940,kaijyo,"江戸東京たてもの園 - 西ゾーン 八王子千人同心組頭の家",,都内-市,小金井市
1941,kaijyo,"江戸東京たてもの園 - 西ゾーン 吉野家（農家）",,都内-市,小金井市
1942,kaijyo,"江戸東京たてもの園 - センターゾーン ビジターセンター（旧光華殿）",,都内-市,小金井市
1943,kaijyo,"江戸東京たてもの園 - 西ゾーン デ・ラランデ邸",,都内-市,小金井市
1944,kaijyo,"江戸東京たてもの園 - 西ゾーン 小出邸",,都内-市,小金井市
1945,kaijyo,"江戸東京たてもの園 - センターゾーン 旧自証院霊屋",,都内-市,小金井市
1946,kaijyo,"江戸東京たてもの園 - センターゾーン 高橋是清邸",,都内-市,小金井市
1947,kaijyo,"江戸東京たてもの園 - センターゾーン 西川家別邸",,都内-市,小金井市
1948,kaijyo,"江戸東京たてもの園 - センターゾーン 会水庵",,都内-市,小金井市
1949,kaijyo,"江戸東京たてもの園 - センターゾーン 伊達家の門",,都内-市,小金井市
1950,kaijyo,"江戸東京たてもの園 - 東ゾーン 鍵屋（居酒屋）",,都内-市,小金井市
1951,kaijyo,"江戸東京たてもの園 - 東ゾーン 小寺醤油店",,都内-市,小金井市
1952,kaijyo,"江戸東京たてもの園 - 東ゾーン 天明家（農家）",,都内-市,小金井市
1953,kaijyo,"江戸東京たてもの園 - 東ゾーン 仕立屋",,都内-市,小金井市
1954,kaijyo,"江戸東京たてもの園 - 東ゾーン 武居三省堂（文具店）",,都内-市,小金井市
1955,kaijyo,"江戸東京たてもの園 - 東ゾーン 花市生花店",,都内-市,小金井市
1956,kaijyo,"江戸東京たてもの園 - 東ゾーン 万世橋交番",,都内-市,小金井市
1957,kaijyo,"江戸東京たてもの園 - 東ゾーン 植村邸",,都内-市,小金井市
1958,kaijyo,"江戸東京たてもの園 - 東ゾーン 丸二商店（荒物屋）",,都内-市,小金井市
1959,kaijyo,"江戸東京たてもの園 - 東ゾーン 村上精華堂",,都内-市,小金井市
1960,kaijyo,"江戸東京たてもの園 - 東ゾーン 川野商店（和傘問屋）",,都内-市,小金井市
1961,kaijyo,"江戸東京たてもの園 - 東ゾーン 大和屋本店（乾物屋）",,都内-市,小金井市
1962,kaijyo,"江戸東京たてもの園 - 東ゾーン 万徳旅館",,都内-市,小金井市
1963,kaijyo,"江戸東京たてもの園 - ビジターセンター 展示室",,都内-市,小金井市
1964,kaijyo,"江戸東京たてもの園 - ビジターセンター 図書コーナー",,都内-市,小金井市
1965,kaijyo,"江戸東京たてもの園 - ビジターセンター 導入展示",,都内-市,小金井市
1966,kaijyo,"江戸東京たてもの園 - 東の広場",,都内-市,小金井市
1967,kaijyo,"江戸東京たてもの園 - エントランス広場",,都内-市,小金井市
1969,kaijyo,"江戸東京たてもの園 - センターゾーン",,都内-市,小金井市
1970,kaijyo,"江戸東京たてもの園 - 西ゾーン",,都内-市,小金井市
1971,kaijyo,"江戸東京たてもの園 - 東ゾーン",,都内-市,小金井市
1976,kaijyo,"東京都写真美術館 - 2F ロビー",,都内-区,目黒区
1977,kaijyo,"東京都写真美術館 - 3F ロビー",,都内-区,目黒区
1990,kaijyo,"リュー・ユニック大アトリエ（Le Lieu unique Grand Atelier ）",,都外,海外（フランス）
1991,kaijyo,"マルティーグ・サラン劇場（Theatre des Salines-Scene national de Martigues ）",,都外,海外（フランス）
1992,kaijyo,"シャイヨー国立劇場 （Theatre national de Chaillot）",,都外,海外（フランス）
1997,kaijyo,スパイラルホール（港区）,,都内-区,港区
1998,kaijyo,"恵比寿ガーデンプレイス - COMMON EBISU★重複",,都内-区,
2000,kaijyo,ジャパンソサエティ★重複,,都内-区,
2002,kaijyo,"インポートプロジェクト（Import project）★場所不明",,都内-区,
2003,kaijyo,山本現代,,都内-区,品川区
2005,kaijyo,"アクシスギャラリー - シンポジア",,都内-区,港区
2007,kaijyo,"丸ビル - マルキューブ",,都内-区,千代田区
2009,kaijyo,statements（ステイトメンツ）（渋谷区）,,都内-区,渋谷区
2012,kaijyo,旧平櫛田中邸,,都内-区,台東区
2014,kaijyo,新宿眼科画廊,,都内-区,新宿区
2019,kaijyo,"Gallery 916",,都内-区,港区
2022,kaijyo,アップリンク★重複★削除,,都内-区,
2024,kaijyo,"飛鳥山公園 ‐ 野外舞台",,都内-区,北区
2027,kaijyo,ジャパン・ソサエティー,,都外,海外（アメリカ）
2030,kaijyo,慈恵宮,,都外,海外（台湾）
2031,kaijyo,国立台湾戯曲学院,,都外,海外（台湾）
2032,kaijyo,松山慈祐宮,,都外,海外（台湾）
2034,kaijyo,"San Francisco Public Library",,都外,海外（アメリカ）
2035,kaijyo,"Maybeck Studio",,都外,海外（アメリカ）
2036,kaijyo,"Herbst Theatre",,都外,海外（アメリカ）
2038,kaijyo,アームストロング劇場,,都外,海外（アメリカ）
2041,kaijyo,"国立劇場 - 小劇場",,都内-区,千代田区
2045,kaijyo,牛込箪笥区民ホール,,都内-区,新宿区
2049,kaijyo,"Space One（韓国 ソウル）",,都外,海外（韓国）
2050,kaijyo,"Audio Visual Pavilion",,都外,海外（韓国）
2051,kaijyo,igong（韓国）,,都外,海外（韓国）
2052,kaijyo,UPLINK（アップリンク渋谷）,,都内-区,渋谷区
2056,kaijyo,"東京松屋 - インテリア和紙ショールーム・ショップ 江戸からかみ",,都内-区,台東区
2059,kaijyo,"豊島区舞台芸術交流センター（あうるすぽっと） - 会議室B",,都内-区,豊島区
2064,kaijyo,ホーチミン市食品工業大学,,都外,海外（ベトナム）
2066,kaijyo,"愛知県芸術劇場 - コンサートホール",,都外,愛知県
2067,kaijyo,"いわき芸術文化交流館アリオス - 大ホール",,都外,福島県
2068,kaijyo,"新宿区立新宿文化センター - 大ホール",,都内-区,新宿区
2069,kaijyo,"ミラノ大学 - 音楽ホール アウラ マナ",,都外,海外（イタリア）
2070,kaijyo,"メディチ・リッカルディ宮殿 - 中庭",,都外,海外（イタリア）
2071,kaijyo,"バシリカ サン ジョヴァンニ教会 - ホール",,都外,海外（イタリア）
2072,kaijyo,"ボローニャ音楽博物館 - ホール",,都内-区,海外（イタリア）
2073,kaijyo,"ベルガマッシ教会 - ホール",,都外,海外（イタリア）
2076,kaijyo,"渋谷区文化総合センター大和田 - さくらホール",,都内-区,渋谷区
2077,kaijyo,東京都内各所,,都内-区,東京都
2079,kaijyo,"座・高円寺 - 座・高円寺 2",,都内-区,杉並区
2081,kaijyo,銅鑼アトリエ,,都内-区,板橋区
2083,kaijyo,児童養護施設星美ホーム,,都内-区,北区
2084,kaijyo,"代官山ヒルサイドテラス ‐ Ｅ棟ロビー",,都内-区,渋谷区
2085,kaijyo,"LOKO GALLERY",,都内-区,渋谷区
2087,kaijyo,東京ビューティーアート専門学校,,都内-区,文京区
2088,kaijyo,東京未来大学こどもみらい園,,都内-区,足立区
2089,kaijyo,アーツ千代田3331,,都内-区,千代田区
2091,kaijyo,"伊勢丹 ‐ 立川店",,都内-市,立川市
2095,kaijyo,十四世喜多六平太記念能楽堂（喜多能楽堂）,,都内-区,品川区
2097,kaijyo,両国門天ホール,,都内-区,墨田区
2099,kaijyo,シアターΧ,,都内-区,墨田区
2101,kaijyo,中野ザ・ポケット,,都内-区,中野区
2103,kaijyo,"シャロームみなみ風 ‐ 地域交流スペース",,都内-区,新宿区
2104,kaijyo,都内区部,,都内-区,東京都
2105,kaijyo,多摩地区,,都内-市,多摩市
2107,kaijyo,光が丘ＩＭＡホール,,都内-区,練馬区
2108,kaijyo,戸山サンライズ,,都内-区,新宿区
2113,kaijyo,シアター1010,,都内-区,足立区
2123,kaijyo,東京都立松沢病院,,都内-区,世田谷区
2128,kaijyo,富岡町立富岡第一小学校,,都外,福島県
2129,kaijyo,浪江町立浪江中学校,,都外,福島県
2131,kaijyo,葛尾村立葛尾小学校,,都外,福島県
2132,kaijyo,川内村立川内小学校,,都外,福島県
2138,kaijyo,東京大学医学部附属病院,,都内-区,文京区
2149,kaijyo,小笠原村立母島保育園,,都内-村,小笠原村
2151,kaijyo,花さと保育園（荒川区）,,都内-区,荒川区
2152,kaijyo,船戸幼稚園（いわき）,,都外,福島県
2153,kaijyo,御厩保育所（いわき）,,都外,福島県
2154,kaijyo,白土保育所（いわき）,,都外,福島県
2155,kaijyo,つくしんぼ保育園（日野市）,,都内-市,日野市
2156,kaijyo,なの花保育園（江戸川区）,,都内-区,江戸川区
2157,kaijyo,小淀ホーム,,都内-区,中野区
2158,kaijyo,浅草寺病院,,都内-区,台東区
2159,kaijyo,しらさぎホーム,,都内-区,中野区
2168,kaijyo,神津島村立神津中学校体育館,,都内-区,神津島村
2169,kaijyo,三宅村文化会館,,都内-村,三宅村
2170,kaijyo,御蔵島村立御蔵島小中学校体育館,,都内-村,御蔵島村
2171,kaijyo,八丈町多目的ホール「おじゃれ」★重複,,都内-町,八丈町
2172,kaijyo,青ヶ島村立青ヶ島小中学校多目的ホール,,都内-村,青ヶ島村
2173,kaijyo,小笠原村立母島小中学校体育館,,都内-区,小笠原村
2174,kaijyo,小笠原村地域福祉センター多目的ホール,,都内-村,小笠原村
2177,kaijyo,Terratoria,,都内-区,品川区
2178,kaijyo,"T-Art Gallery",,都内-区,品川区
2181,kaijyo,歌舞伎座,,都内-区,中央区
2203,kaijyo,明治座,,都内-区,中央区
2204,kaijyo,帝国劇場,,都内-区,千代田区
2205,kaijyo,シアタークリエ,,都内-区,千代田区
2206,kaijyo,新橋演舞場,,都内-区,中央区
2207,kaijyo,日生劇場,,都内-区,千代田区
2208,kaijyo,浅草公会堂,,都内-区,台東区
2209,kaijyo,三越劇場,,都内-区,中央区
2220,kaijyo,"都立中央図書館 - 4F 多目的ホール",,都内-区,港区
2222,kaijyo,"東京国際フォーラム - ガラス棟 ロビーギャラリー",,都内-区,千代田区
2225,kaijyo,上野恩賜公園（上野公園）,,都内-区,台東区
2227,kaijyo,渋谷道玄坂,,都内-区,渋谷区
2228,kaijyo,文化村通り,,都内-区,渋谷区
2229,kaijyo,渋谷109前,,都内-区,渋谷区
2230,kaijyo,渋谷マークシティ,,都内-区,渋谷区
2231,kaijyo,"渋谷中央街 - ウェーブの広場",,都内-区,渋谷区
2233,kaijyo,茶沢通り,,都内-区,世田谷区
2243,kaijyo,シュテーデル美術館,,都内-区,海外（ドイツ）
2246,kaijyo,"八幡八雲神社（八王子市） - 神楽殿",,都内-市,八王子市
2248,kaijyo,"八幡八雲神社（八王子市） - 参集殿",,都内-市,八王子市
2250,kaijyo,"八王子繊維貿易館 - 講堂",,都内-市,八王子市
2253,kaijyo,染色工房藤本染工芸,,都内-市,八王子市
2256,kaijyo,"安榮山明王院 福傳寺",,都内-市,八王子市
2260,kaijyo,"いちょうホール（八王子市芸術文化会館） - エントランス",,都内-市,八王子市
2265,kaijyo,西放射線ユーロード,,都内-市,八王子市
2267,kaijyo,"西放射線ユーロード - 入り口（北口ゲート）",,都内-市,八王子市
2275,kaijyo,国立西洋美術館ー講堂,,都内-区,台東区
2276,kaijyo,ゆき乃恵（八王子市）,,都内-市,八王子市
2277,kaijyo,すず香（八王子市）,,都内-市,八王子市
2284,kaijyo,"東京文化会館 - リハーサル室",,都内-区,台東区
2285,kaijyo,"東京文化会館 - 鑑賞室",,都内-区,
2286,kaijyo,文京シビックセンター,,都内-区,
2287,kaijyo,"東京芸術劇場 - リハーサル室",,都内-区,
2295,kaijyo,サウス・バイ・サウスウエスト（SXSW）,,都外,海外（アメリカ）
2299,kaijyo,JR八王子駅周辺,,都内-市,八王子市
2300,kaijyo,台東区立下町風俗資料館,,都内-区,台東区
2301,kaijyo,台東区立朝倉彫塑館,,都内-区,台東区
2302,kaijyo,台東区立書道博物館,,都内-区,台東区
2303,kaijyo,国立近現代建築資料館,,都内-区,文京区
2305,kaijyo,"「伝承のたまてばこ～多摩伝統文化フェスティバル2016～」 総合受付",,都内-市,八王子市
2307,kaijyo,"東京都庭園美術館 - 庭園★重複",,都内-区,港区
2308,kaijyo,"東京都庭園美術館 - 庭園 芝庭",,都内-区,港区
2309,kaijyo,"東京都庭園美術館 - 庭園 西洋庭園",,都内-区,港区
2310,kaijyo,"東京都庭園美術館 - 庭園 日本庭園",,都内-区,港区
2311,kaijyo,"東京都庭園美術館 - 庭園 茶室",,都内-区,港区
2315,kaijyo,"東京文化会館 - 大リハーサル室",,都内-区,
2317,kaijyo,"上野恩賜公園  - 不忍池（ボート池）",,都内-区,台東区
2318,kaijyo,"上野恩賜公園 - 噴水広場 東側",,都内-区,台東区
2319,kaijyo,"上野恩賜公園 - 弁天堂（不忍池）",,都内-区,台東区
2320,kaijyo,"上野恩賜公園 - 噴水広場",,都内-区,台東区
2321,kaijyo,"国立西洋美術館 - 地下2階講堂",,都内-区,台東区
2322,kaijyo,"国立西洋美術館 - 企画展示室前ロビー",,都内-区,台東区
2323,kaijyo,"東京藝術大学 - 奏楽堂",,都内-区,台東区
2324,kaijyo,"国立西洋美術館 - 前庭",,都内-区,台東区
2325,kaijyo,"東京藝術大学 - 美術学部 中央棟 第1講義室",,都内-区,台東区
2326,kaijyo,"東京都恩賜上野動物園 - 東園 動物慰霊碑横テント",,都内-区,台東区
2329,kaijyo,"国立科学博物館 - コンパス",,都内-区,台東区
2330,kaijyo,"東京国立博物館 - 東洋館",,都内-区,台東区
2332,kaijyo,"東京文化会館 - 大会議室",,都内-区,台東区
2333,kaijyo,谷中エリア,,都内-区,台東区
2342,kaijyo,"コレド室町3 - 3階 橋楽亭",,都内-区,中央区
2343,kaijyo,江戸桜通り地下歩道★重複,,都内-区,中央区
2344,kaijyo,神楽坂路上界隈（神楽坂まち舞台・大江戸めぐり）,,都内-区,新宿区
2348,kaijyo,"志満金 - 前",,都内-区,新宿区
2349,kaijyo,"山下漆器店 - 前",,都内-区,新宿区
2350,kaijyo,"パークリュクス神楽坂 - 前 ポケットパーク",,都内-区,新宿区
2419,kaijyo,"東京都美術館 - LBF 企画棟ホワイエ",,都内-区,台東区
2432,kaijyo,"代々木公園 - 屋外ステージ",,都内-区,渋谷区
2434,kaijyo,"渋谷マークシティ - イーストモール1階 イベントスクエア",,都内-区,渋谷区
2442,kaijyo,"代々木公園 - 野外ステージ",,都内-区,渋谷区
2451,kaijyo,福生市立福生第一小学校,,都内-市,福生市
2452,kaijyo,"東京都写真美術館 - 学習室",,都内-区,目黒区
2453,kaijyo,目黒区立駒場小学校,,都内-区,目黒区
2465,kaijyo,"代々木公園 - イベント広場",,都内-区,渋谷区
2469,kaijyo,"代々木公園 - けやき並木",,都内-区,渋谷区
2472,kaijyo,"studio mission（渋谷区）",,都内-区,渋谷区
2488,kaijyo,富岡町立富岡第二小学校,,都外,福島県
2491,kaijyo,"座・高円寺 - 座・高円寺 1",,都内-区,杉並区
2500,kaijyo,UPLINK（アップリンク吉祥寺）,,都内-市,武蔵野市
2549,kaijyo,緑香園,,都内-区,新宿区
2550,kaijyo,離島キッチン,,都内-区,新宿区
2551,kaijyo,THEGLEE,,都内-区,新宿区
2553,kaijyo,梅若能楽学院会館,,都内-区,中野区
2554,kaijyo,宝生能楽堂,,都内-区,文京区
2566,kaijyo,神楽坂界隅★イベント名入れる,,都内-区,新宿区
2573,kaijyo,杵家会館,,都内-区,渋谷区
2596,kaijyo,"国立劇場 - 大劇場",,都内-区,千代田区
2617,kaijyo,狛江市立和泉小学校,,都内-市,狛江市
2619,kaijyo,日野市立東光寺小学校,,都内-市,日野市
2621,kaijyo,青梅市立第二小学校,,都内-市,青梅市
2624,kaijyo,江東区立毛利小学校,,都内-区,江東区
2626,kaijyo,三宅村立三宅中学校,,都内-村,三宅村
2628,kaijyo,成立学園中学・高等学校,,都内-区,北区
2630,kaijyo,武蔵村山市立第二小学校,,都内-市,武蔵村山市
2632,kaijyo,武蔵野市立第一小学校,,都内-市,武蔵野市
2634,kaijyo,小平市立小平第九小学校★重複,,都内-市,小平市
2636,kaijyo,清瀬市立清瀬小学校,,都内-市,清瀬市
2642,kaijyo,葛飾区立飯塚小学校,,都内-区,葛飾区
2644,kaijyo,羽村市立武蔵野小学校,,都内-市,羽村市
2646,kaijyo,東京都立工芸高等学校,,都内-区,文京区
2648,kaijyo,荒川区立第七中学校,,都内-区,荒川区
2650,kaijyo,練馬区立光が丘第四中学校,,都内-区,練馬区
2652,kaijyo,八王子市立楢原中学校,,都内-市,八王子市
2654,kaijyo,世田谷区立烏山小学校,,都内-区,世田谷区
2656,kaijyo,東村山市立大岱小学校,,都内-市,東村山市
2658,kaijyo,八王子市立由井第二小学校,,都内-市,八王子市
2660,kaijyo,東京都立三鷹中等教育学校,,都内-市,三鷹市
2662,kaijyo,大田区立高畑小学校,,都内-区,大田区
2664,kaijyo,東京都立中央ろう学校,,都内-区,杉並区
2666,kaijyo,世田谷区立池尻小学校,,都内-区,世田谷区
2671,kaijyo,白銀公園,,都内-区,新宿区
2677,kaijyo,中野区立桃園小学校,,都内-区,中野区
2679,kaijyo,国分寺市立第一小学校,,都内-市,国分寺市
2683,kaijyo,"江戸東京たても の園－★削除",,都内-区,
2684,kaijyo,江戸東京たてもの園－西川家別邸,,都内-市,小金井市
2685,kaijyo,江戸東京たてもの園－高橋堤清邸,,都内-市,小金井市
2688,kaijyo,江戸東京たてもの園－川野商店,,都内-市,小金井市
2706,kaijyo,三鷹市公会堂,,都内-市,三鷹市
2707,kaijyo,ひの煉瓦ホール(日野市民会館）,,都内-市,日野市
2708,kaijyo,くにたち市民芸術小ホール★重複,,都内-市,国立市
2709,kaijyo,東大和市民会館ハミングホール,,都内-市,東大和市
2720,kaijyo,世田谷区立芦花小学校,,都内-区,世田谷区
2721,kaijyo,北区立赤羽台西小学校,,都内-区,北区
2722,kaijyo,練馬区立旭丘小学校,,都内-区,練馬区
2723,kaijyo,足立区立扇小学校,,都内-区,足立区
2724,kaijyo,八王子市立愛宕小学校,,都内-市,八王子市
2727,kaijyo,府中市立住吉小学校,,都内-市,府中市
2728,kaijyo,国分寺市立第二小学校,,都内-市,国分寺市
2729,kaijyo,東大和市立第六小学校,,都内-市,東大和市
2734,kaijyo,江東区立南砂中学校,,都内-区,江東区
2735,kaijyo,目黒区立大鳥中学校,,都内-区,目黒区
2736,kaijyo,多摩市立青陵中学校,,都内-市,多摩市
2738,kaijyo,利島村立利島小中学校,,都内-村,利島村
2746,kaijyo,東京都立葛飾ろう学校,,都内-区,葛飾区
2747,kaijyo,マハヤナ学園撫子園,,都内-区,板橋区
2748,kaijyo,調布学園,,都内-市,調布市
2751,kaijyo,東京都立八王子東特別支援学校,,都内-市,八王子市
2761,kaijyo,浜離宮恩賜庭園－中島の御茶屋,,都内-区,中央区
2765,kaijyo,浜離宮恩賜庭園－芳梅亭,,都内-区,中央区
2767,kaijyo,浜離宮恩賜庭園－中の橋袂3席,,都内-区,中央区
2769,kaijyo,浜離宮恩賜庭園－中の橋袂,,都内-区,中央区
2772,kaijyo,浜離宮恩賜庭園－花木園,,都内-区,中央区
2792,kaijyo,"東京都庭園美術館 - 本館・新館",,都内-区,港区
2799,kaijyo,江戸川区立鹿骨東小学校,,都内-区,江戸川区
2803,kaijyo,足立区立花畑小学校,,都内-区,足立区
2808,kaijyo,江東区立第五砂町幼稚園,,都内-区,江東区
2811,kaijyo,豊島区立明豊中学校,,都内-区,豊島区
2814,kaijyo,台東区立金曽木小学校,,都内-区,台東区
2820,kaijyo,東京都立江東特別支援学校,,都内-区,江東区
2823,kaijyo,"八王子市第六小学校 - 特別支援学級",,都内-区,八王子市
2825,kaijyo,荒川区立尾久幼稚園,,都内-区,荒川区
2827,kaijyo,文京区柳町幼稚園,,都内-区,文京区
2830,kaijyo,台東区立台東保育園,,都内-区,台東区
2833,kaijyo,練馬区立大泉西小学校,,都内-区,練馬区
2835,kaijyo,日の出町立大久野中学校,,都外,西多摩郡日の出町
2838,kaijyo,千代田区立麹町幼稚園,,都内-区,千代田区
2840,kaijyo,文京区立明化幼稚園,,都内-区,文京区
2843,kaijyo,足立区立亀田小学校,,都内-区,足立区
2844,kaijyo,大田区立洗足池小学校,,都内-区,大田区
2848,kaijyo,"東京都庭園美術館 - 庭園 茶室 「光華」広間",,都内-区,港区
2863,kaijyo,"P3 art and environment",,都内-区,新宿区
2895,kaijyo,"東京文化会館 - 大ホールホワイエ",,都内-区,台東区
2926,kaijyo,"旧岩崎邸庭園 - 洋館1階",,都内-区,台東区
2927,kaijyo,"東京国立博物館 - 本館 大階段",,都内-区,台東区
2931,kaijyo,"お台場 自由の女神会場（グランドニッコー東京 台場前） - メイン舞台",,都内-区,港区
2933,kaijyo,"JR東日本30周年記念 山手線ラッピングトレイン団体貸切列車内",,都内-区,品川区
2938,kaijyo,カーザ・ダ・ムジカ（ポルトガル）,,都外,海外（ポルトガル）
2940,kaijyo,"東京文化会館 - 中会議室 2",,都内-区,台東区
3006,kaijyo,"文京シビックセンター - レクリエーションホール",,都内-区,文京区
3010,kaijyo,"文京シビックセンター - 多目的室",,都内-区,文京区
3017,kaijyo,"文京シビックセンター - 練習室1",,都内-区,文京区
3032,kaijyo,文京区立青柳幼稚園,,都内-区,文京区
3044,kaijyo,"大島町野増センター - 体育館",,都内-町,大島町
3045,kaijyo,小金井市立小金井第二小学校（特別支援学級）,,都内-区,小金井市
3046,kaijyo,大島町岡田保育園,,都内-町,大島町
3049,kaijyo,台東区立台桜幼稚園,,都内-区,台東区
3050,kaijyo,大島町差木地保育園,,都内-町,大島町
3051,kaijyo,大島町子ども家庭支援センター,,都内-町,大島町
3052,kaijyo,大島町元町保育園,,都内-町,大島町
3056,kaijyo,大島町北ノ山保育園,,都内-町,大島町
3062,kaijyo,"パルテノン多摩 - リハーサル室",,都内-市,多摩市
3069,kaijyo,"たましんRISURUホール（立川市民会館） - 地下サブホール",,都内-市,立川市
3073,kaijyo,"たましんRISURUホール（立川市民会館） -  地下展示室",,都内-市,立川市
3075,kaijyo,トッピングイースト,,都内-区,墨田区
3082,kaijyo,寿子ども家庭支援センター,,都内-区,台東区
3085,kaijyo,東京都立大塚ろう学校城東分教室,,都内-区,江東区
3089,kaijyo,東京都立清瀬特別支援学校,,都内-市,清瀬市
3092,kaijyo,東京都立久我山青光学園,,都内-区,世田谷区
3096,kaijyo,東京都立王子特別支援学校,,都内-区,北区
3098,kaijyo,東京都立城東特別支援学校,,都内-区,江東区
3100,kaijyo,東京都立鹿本学園,,都内-区,江戸川区
3103,kaijyo,東京都立小平特別支援学校,,都内-市,小平市
3106,kaijyo,台東区老人福祉センター,,都内-区,台東区
3107,kaijyo,"台東区老人福祉センター - 大集会室",,都内-区,台東区
3109,kaijyo,ケアハウス松が谷,,都内-区,台東区
3110,kaijyo,"ケアハウス松が谷 - デイルーム",,都内-区,台東区
3112,kaijyo,有料老人ホームリブイン（足立邦栄会）,,都内-区,足立区
3114,kaijyo,"すみだ北斎美術館 - MARUGEN100（講座室）",,都内-区,
3116,kaijyo,特別養護老人ホームさくら（足立邦栄会）,,都内-区,足立区
3118,kaijyo,くらまえ高齢者在宅サービスセンター,,都内-区,台東区
3119,kaijyo,"くらまえ高齢者在宅サービスセンター - 6Fデイルーム",,都内-区,台東区
3121,kaijyo,あさくさ高齢者在宅サービスセンター,,都内-区,台東区
3124,kaijyo,"東京文化会館 - リハーサル室B",,都内-区,
3131,kaijyo,トーキョーアーツアンドスペース本郷,,都内-区,
3134,kaijyo,トーキョーアーツアンドスペースレジデンシー★重複,,都内-区,墨田区
3137,kaijyo,大田区立馬込第二小学校,,都内-区,大田区
3139,kaijyo,大田区立大森第一小学校,,都内-区,大田区
3141,kaijyo,町田市立高ヶ坂小学校,,都内-市,町田市
3144,kaijyo,八王子市立恩方第一小学校,,都内-市,八王子市
3146,kaijyo,杉並区立済美養護学校,,都内-区,杉並区
3148,kaijyo,品川区立荏原平塚学園,,都内-区,品川区
3150,kaijyo,立教女学院小学校,,都内-区,杉並区
3152,kaijyo,豊島区立池袋第三小学校,,都内-区,豊島区
3154,kaijyo,江東区立第五大島小学校,,都内-区,江東区
3156,kaijyo,東京都立南大沢学園,,都内-市,八王子市
3158,kaijyo,中野区立鷺宮小学校,,都内-区,中野区
3160,kaijyo,目黒区立下目黒小学校,,都内-区,目黒区
3162,kaijyo,練馬区立早宮小学校,,都内-区,練馬区
3166,kaijyo,葛飾区立本田小学校,,都内-区,葛飾区
3168,kaijyo,八王子市立横川小学校,,都内-市,八王子市
3171,kaijyo,北区立第四岩淵小学校,,都内-区,北区
3173,kaijyo,板橋区立志村小学校,,都内-区,板橋区
3176,kaijyo,世田谷区立上北沢小学校,,都内-区,世田谷区
3178,kaijyo,府中市立日新小学校,,都内-市,府中市
3181,kaijyo,東久留米市立第三小学校,,都内-市,東久留米市
3183,kaijyo,東村山市立東萩山小学校,,都内-市,東村山市
3185,kaijyo,東大和市立第一小学校,,都内-市,東大和市
3187,kaijyo,回向院,,都内-区,墨田区
3188,kaijyo,大島町立つばき小学校,,都内-町,大島町
3193,kaijyo,葛飾区立保田しおさい学校,,都内-区,葛飾区
3197,kaijyo,荒川区立大門小学校,,都内-区,荒川区
3199,kaijyo,国立市立国立第五小学校,,都内-市,国立市
3202,kaijyo,立川市立新生小学校,,都内-市,立川市
3205,kaijyo,青梅市立河辺小学校,,都内-市,青梅市
3207,kaijyo,青梅市立友田小学校,,都内-市,青梅市
3209,kaijyo,トーキョーワンダーサイト本郷,,都内-区,文京区
3215,kaijyo,"東京文化会館 - 中会議室",,都内-区,台東区
3217,kaijyo,"東京文化会館 - 応接室１",,都内-区,台東区
3223,kaijyo,"調布市グリーンホール - 大ホール",,都内-市,調布市
3229,kaijyo,"東京都立青峰学園 ‐ 体育館",,都内-区,青梅市
3236,kaijyo,"赤坂区民センター - 研修室",,都内-区,港区
3237,kaijyo,東京都立白鷺特別支援学校,,都内-区,江戸川区
3239,kaijyo,トーキョーワンダーサイト渋谷,,都内-区,渋谷区
3243,kaijyo,練馬区立小竹小学校,,都内-区,練馬区
3247,kaijyo,大田区立松仙小学校,,都内-区,大田区
3249,kaijyo,町田市立町田第三小学校,,都内-市,町田市
3253,kaijyo,江東区立大島南小学校,,都内-区,江東区
3255,kaijyo,台東区立坂本保育園,,都内-区,台東区
3257,kaijyo,八王子市立上柚木小学校,,都内-市,八王子市
3259,kaijyo,江戸川区立鎌田東小学校,,都内-区,江戸川区
3261,kaijyo,葛飾区立堀切中学校,,都内-区,葛飾区
3263,kaijyo,八王子市立上壱分方小学校,,都内-市,八王子市
3265,kaijyo,新宿区立落合第五小学校,,都内-区,新宿区
3267,kaijyo,西東京市立谷戸小学校,,都内-市,西東京市
3269,kaijyo,東村山市立秋津小学校,,都内-市,東村山市
3271,kaijyo,八王子市立由井第一小学校,,都内-市,八王子市
3273,kaijyo,北区立王子第二小学校,,都内-区,北区
3275,kaijyo,台東区立柏葉中学校,,都内-区,台東区
3277,kaijyo,小平市立小平第九小学校,,都内-市,小平市
3279,kaijyo,台東区立根岸小学校,,都内-区,台東区
3281,kaijyo,江東区立つばめ幼稚園,,都内-区,江東区
3283,kaijyo,江東区立浅間堅川小学校,,都内-区,江東区
3285,kaijyo,台東区立浅草橋保育園,,都内-区,台東区
3287,kaijyo,荒川区立東日暮里幼稚園,,都内-区,荒川区
3289,kaijyo,福生市立福生第二小学校,,都内-市,福生市
3291,kaijyo,台東区立忍岡小学校,,都内-区,台東区
3294,kaijyo,羽村市立羽村西小学校,,都内-区,羽村市
3296,kaijyo,昭島市立多摩辺中学校,,都内-市,昭島市
3302,kaijyo,"深川資料館通り商店街協同組合事務所 -1F",,都内-区,江東区
3320,kaijyo,墨田区立言問小学校,,都内-区,墨田区
3322,kaijyo,文京区立後楽幼稚園,,都内-区,文京区
3324,kaijyo,台東区立上野小学校,,都内-区,台東区
3327,kaijyo,八王子市立由木西小学校,,都内-市,八王子市
3333,kaijyo,台東区立大正幼稚園,,都内-区,台東区
3336,kaijyo,台東区立松が谷保育園,,都内-区,台東区
3338,kaijyo,八王子市立第六小学校,,都内-市,八王子市
3340,kaijyo,台東区立千束保育園,,都内-区,台東区
3342,kaijyo,足立区立鹿浜西小学校,,都内-区,足立区
3344,kaijyo,新宿区立西新宿小学校,,都内-区,新宿区
3346,kaijyo,台東区立浅草小学校,,都内-区,台東区
3348,kaijyo,葛飾区立北住吉幼稚園,,都内-区,葛飾区
3350,kaijyo,台東区立玉姫保育園,,都内-区,台東区
3352,kaijyo,小金井市立小金井第一中学校,,都内-市,小金井市
3355,kaijyo,千代田区立番町幼稚園,,都内-区,千代田区
3357,kaijyo,台東区立石浜橋場こども園,,都内-区,台東区
3360,kaijyo,北区立柳田小学校,,都内-区,北区
3361,kaijyo,"グランチェスター・ハウス - 2F",,都内-区,江東区
3363,kaijyo,稲城市立南山小学校,,都内-市,稲城市
3367,kaijyo,台東区立待乳保育園,,都内-区,台東区
3369,kaijyo,文京区立湯島幼稚園,,都内-区,文京区
3371,kaijyo,小平市立緑小学校,,都内-市,小平市
3373,kaijyo,墨田区立押上小学校,,都内-区,墨田区
3378,kaijyo,文京区立第一幼稚園,,都内-区,文京区
3380,kaijyo,旧喫茶店　,,都内-区,江東区
3386,kaijyo,三好の旧製本所,,都内-区,江東区
3388,kaijyo,三好の旧建具屋（江東区）,,都内-区,江東区
3391,kaijyo,平野の旧印刷所　,,都内-区,江東区
3396,kaijyo,"東京藝術大学 - アーツ・アンド・サイエンス・ラボ",,都内-区,江東区
3398,kaijyo,"東京芸術劇場 - 中リハーサル室（リハーサルルーム M1）",,都内-区,
3405,kaijyo,"浅草文化観光センター - 6F",,都内-区,台東区
3415,kaijyo,オールプレス　エスプレッソ,,都内-区,江東区
3416,kaijyo,ナンディニ,,都内-区,江東区
3417,kaijyo,大久保クリーニング,,都内-区,江東区
3418,kaijyo,smokebooks,,都内-区,江東区
3419,kaijyo,御菓子司　双葉,,都内-区,江東区
3420,kaijyo,株式会社スタートライン,,都内-区,江東区
3421,kaijyo,"Coci la elle（コシラエル本店）",,都内-区,江東区
3422,kaijyo,三河屋さんの米置き場,,都内-区,江東区
3425,kaijyo,"浜離宮恩賜庭園 - 屋外ブース",,都内-区,中央区
3431,kaijyo,"薬師寺東京別院 - 3階",,都内-区,品川区
3432,kaijyo,歌舞伎座ギャラリー,,都内-区,中央区
3434,kaijyo,"羽田空港国際線ターミナル - 4・5階エリア",,都内-区,大田区
3435,kaijyo,"羽田空港国際線ターミナル - 5階 お祭り広場",,都内-区,大田区
3440,kaijyo,"MOSHI MOSHI BOX 原宿観光案内所 - 2階 MOSHI MOSHI GALLERY",,都内-区,渋谷区
3447,kaijyo,中央区立日本橋公会堂（日本橋劇場）,,都内-区,中央区
3451,kaijyo,"東京都庭園美術館 - 庭園 屋外",,都内-区,港区
3465,kaijyo,"三鷹駅 - 北口 交番横",,都内-市,武蔵野市
3466,kaijyo,"三鷹中央ビル - 2階",,都内-市,三鷹市
3467,kaijyo,玉川上水緑道,,都内-区,世田谷区
3468,kaijyo,"三協ビル（武蔵野市） - 3階",,都内-市,武蔵野市
3469,kaijyo,"三鷹第一アパート - 1",,都内-市,武蔵野市
3470,kaijyo,"レストラン喫茶 上床（武蔵野市）",,都内-市,武蔵野市
3471,kaijyo,"三鷹駅 - 南口 デッキ広場",,都内-市,武蔵野市
3472,kaijyo,"三鷹第一アパート - 2",,都内-市,武蔵野市
3473,kaijyo,"三鷹中央ビル - 1階",,都内-市,三鷹市
3475,kaijyo,"東海大学 - 望星学塾 松前柔道場",,都内-市,武蔵野市
3477,kaijyo,"武蔵野タワーズ - スカイゲートタワー前広場",,都内-市,武蔵野市
3479,kaijyo,"Art Center Ongoing",,都内-市,武蔵野市
3495,kaijyo,"東京芸術劇場 - 中リハーサル室（リハーサルルーム M3）",,都内-区,
3501,kaijyo,"東京芸術劇場 - 中リハーサル室（リハーサルルーム L）",,都内-区,
3521,kaijyo,"東京芸術劇場 - シンフォニースペース",,都内-区,豊島区
3522,kaijyo,"東京芸術劇 - シンフォニースペース",,都内-区,
3540,kaijyo,グランキオスク（吉祥寺）,,都内-市,武蔵野市
3542,kaijyo,"東京都庭園美術館 - 本館 ウェルカムルーム",,都内-区,港区
3547,kaijyo,smokebooks,,都内-区,江東区
3554,kaijyo,"小金井市立第四小学校 - 図工室",,都内-市,小金井市
3555,kaijyo,三楽公園,,,
3556,kaijyo,三楽公園（小金井市）,,都内-市,小金井市
3560,kaijyo,"小金井市立前原小学校 - 図工室",,都内-市,小金井市
3561,kaijyo,"小金井市立前原小学校 - 校庭",,都内-市,小金井市
3563,kaijyo,"小金井市立本町小学校 - 多目的室",,都内-市,小金井市
3564,kaijyo,"住宅供給公社本町アパート（小金井市） - 本町アパート内公園",,都内-市,小金井市
3566,kaijyo,アートスポットシャトー小金井2F,,都内-市,小金井市
3568,kaijyo,愛の園保育園（小金井市）,,都内-市,小金井市
3608,kaijyo,神楽坂界隅（神楽坂路上界隅）,,都内-区,新宿区
3611,kaijyo,神楽坂界隅（神楽坂タイムスリップ　スタンプラリー／歴史ガイド）,,都内-区,新宿区
3618,kaijyo,三好地区集会所,,都内-区,江東区
3623,kaijyo,清澄白河エリア,,都内-区,江東区
3625,kaijyo,"東京シティアイ - KITTE地下1階 パフォーマンスゾーン",,都内-区,千代田区
3628,kaijyo,前田建具新倉庫,,都内-区,江東区
3632,kaijyo,"東京藝術大学上野キャンパス ‐ アーツ・アンド・サイエンス・ラボ 4Ｆ（球形ホール）",,都内-区,江東区
3635,kaijyo,"東京藝術大学 - 美術学部 中央棟 第7講義室",,都内-区,江東区
3638,kaijyo,harappa日本橋,,都内-区,中央区
3645,kaijyo,KFCホール（国際ファッションセンター　両国）,,都内-区,墨田区
3650,kaijyo,"東京都江戸東京博物館 - 5F 常設展示室 ミュージアム・ラボ",,都内-区,墨田区
3657,kaijyo,"コミュニティスペース kichi",,都内-町,大島町
3663,kaijyo,ミューザ川崎シンフォニーホール,,都内-区,
3664,kaijyo,"東京国際フォーラム - ホールB7",,都内-区,千代田区
3669,kaijyo,大島各所,,都内-町,大島町
3671,kaijyo,"東京芸術劇場 - アトリウム",,都内-区,豊島区
3681,kaijyo,"六本木ヒルズけやき坂「Counter Void」前",,都内-区,港区
3686,kaijyo,境南ふれあい広場公園（武蔵野プレイス北側）,,都内-市,武蔵野市
3693,kaijyo,芝の家,,都内-区,港区
3703,kaijyo,"武蔵野プレイス - 1階ギャラリー",,都内-市,武蔵野市
3704,kaijyo,"武蔵野プレイス - 3階スペースE",,都内-市,武蔵野市
3716,kaijyo,"小金井 宮地楽器ホール（小金井市民交流センター） - 地下1F 市民ギャラリー",,都内-市,小金井市
3719,kaijyo,前原暫定集会所（小金井市）,,都内-市,小金井市
3720,kaijyo,東小金井駅開設記念会館（マロンホール）,,都内-市,小金井市
3721,kaijyo,上之原会館（小金井市）,,都内-市,小金井市
3722,kaijyo,婦人会館（小金井市）,,都内-市,小金井市
3728,kaijyo,江東区立白河こどもとしょかん,,都内-区,江東区
3734,kaijyo,"としまアートステーション Z（千登世橋教育文化センター） - B1F",,都内-区,豊島区
3735,kaijyo,"東京藝術大学上野キャンパス  - アーツ・アンド・サイエンス・ラボ",,都内-区,江東区
3736,kaijyo,"東京藝術大学上野キャンパス  - アーツ・アンド・サイエンス・ラボ 周辺",,都内-区,江東区
3738,kaijyo,"龍徳山 - 光厳教寺 雲光院",,都内-区,江東区
3741,kaijyo,"としまアートステーション Z（千登世橋教育文化センター）",,都内-区,豊島区
3745,kaijyo,豊島区役所,,都内-区,豊島区
3747,kaijyo,くすのき荘（豊島区）,,都内-区,豊島区
3748,kaijyo,Planethand（豊島区）,,都内-区,豊島区
3758,kaijyo,就労継続支援B型事業所,,都外,埼玉県
3759,kaijyo,就労継続支援B型事業所ハーモニー,,都外,埼玉県
3763,kaijyo,境南ふれあい広場公園,,都内-市,武蔵野市
3765,kaijyo,境南ふれあい広場公園（武蔵野プレイス入口）,,都内-市,武蔵野市
3767,kaijyo,"武蔵野プレイス - 4階フォーラム",,都内-市,武蔵野市
3770,kaijyo,"信愛書店 en=gawa",,都内-区,杉並区
3771,kaijyo,旅の本屋のまど,,都内-区,杉並区
3772,kaijyo,HATOBA,,都内-区,杉並区
3773,kaijyo,ハンサム食堂,,都内-区,杉並区
3774,kaijyo,ビリヤード山崎,,都内-区,杉並区
3775,kaijyo,フジクリーニング,,都内-区,杉並区
3776,kaijyo,高架下空き店舗,,都内-区,杉並区
3778,kaijyo,コミュニティステーション東小金井,,都内-市,小金井市
3782,kaijyo,"雑司が谷地域文化創造館 - 第2練習室",,都内-区,豊島区
3787,kaijyo,三鷹駅周辺施設,,都内-市,三鷹市
3788,kaijyo,"SHIBAURA HOUSE - 3階",,都内-区,
3790,kaijyo,三鷹駅北口交番横,,都内-市,三鷹市
3793,kaijyo,"武蔵野美術大学 - 9号館5階515教室",,都内-市,小平市
3795,kaijyo,御殿山コミュニティセンター第二会議室,,都内-市,武蔵野市
3796,kaijyo,JR三鷹駅周辺,,都内-市,三鷹市
3798,kaijyo,"アーツカウンシル東京 - 3F ROOM302",,都内-区,千代田区
3800,kaijyo,"東京都写真美術館 - B1F ロビー",,都内-区,
3805,kaijyo,"日仏会館 - 2階ギャラリー",,都内-区,
3808,kaijyo,小金井市立第四小学校,,都内-市,小金井市
3811,kaijyo,小金井市立緑小学校,,都内-市,小金井市
3812,kaijyo,浴恩館公園,,都内-市,小金井市
3814,kaijyo,小金井市立本町小学校,,都内-市,小金井市
3818,kaijyo,"小金井アートスポットシャトー - 2F ギャラリー",,都内-市,小金井市
3820,kaijyo,仲町の家（足立区）,,都内-区,足立区
3825,kaijyo,喫茶店サンローゼ（足立区）,,都内-区,足立区
3826,kaijyo,エンブレムホステル西新井（足立区）,,都内-区,足立区
3843,kaijyo,宿場町通り（足立区）,,都内-区,足立区
3844,kaijyo,"ココ・ グラン北千住",,都内-区,足立区
3845,kaijyo,大門商店街（足立区）,,都内-区,足立区
3846,kaijyo,千寿青葉中学校,,都内-区,足立区
3847,kaijyo,千住曙児童遊園,,都内-区,足立区
3848,kaijyo,学園通り商店街（足立区）,,都内-区,足立区
3849,kaijyo,よしだや（足立区）,,都内-区,足立区
3852,kaijyo,"東京藝術大学 千住キャンパス - プロジェクトルーム★重複？",,都内-区,足立区
3854,kaijyo,"東京藝術大学 千住キャンパス - プロジェクトルーム3",,都内-区,足立区
3857,kaijyo,"SHIBAURA HOUSE - 5階 バードルーム",,都内-区,港区
3864,kaijyo,千住公園,,都内-区,足立区
3865,kaijyo,足立区立千寿桜堤中学校,,都内-区,足立区
3867,kaijyo,練馬区江古田,,都内-区,練馬区
3869,kaijyo,イベントスペース甲子,,都内-区,練馬区
3873,kaijyo,BIGFUN平和島,,都内-区,大田区
3877,kaijyo,定時制高校,,都内-区,東京都
3879,kaijyo,新宿区,,都内-区,新宿区
3881,kaijyo,ナングロガル（大久保ネパール料理店）,,都内-区,新宿区
3885,kaijyo,"Startup Hub Tokyo",,都内-区,千代田区
3888,kaijyo,かまいしこども園,,都外,岩手県
3895,kaijyo,岩手県釜石市,,都外,岩手県
3896,kaijyo,岩手県大槌町,,都外,岩手県
3897,kaijyo,"想起のインフォメーションセンター - シャトー１F codolabo",,都内-市,小金井市
3898,kaijyo,小金井市内各所,,都内-市,小金井市
3899,kaijyo,想起のインフォメーションセンター,,都内-区,小金井市
3900,kaijyo,フェスティバルコート（小金井市）,,都内-市,小金井市
3901,kaijyo,上水会館（小金井市）,,都内-市,小金井市
3902,kaijyo,ぬくい湯,,都内-市,小金井市
3903,kaijyo,caféアン,,都内-市,小金井市
3904,kaijyo,美術の森（小金井市）,,都内-市,小金井市
3905,kaijyo,くじら山（小金井市）,,都内-市,小金井市
3907,kaijyo,はけの森カフェ,,都内-市,小金井市
3908,kaijyo,"釜石情報交流センター 釜石PIT",,都外,岩手県
3909,kaijyo,岩手県釜石市鵜住居町根浜海岸,,都外,岩手県
3912,kaijyo,"小金井 宮地楽器ホール（小金井市民交流センター） - 1F マルチパーパススペースＢ",,都内-市,小金井市
3913,kaijyo,野々島,,都内-区,宮城県
3914,kaijyo,浦戸小中学校,,都外,宮城県
3915,kaijyo,七ヶ浜町,,都外,宮城県
3917,kaijyo,佐藤啓一宅,,都外,宮城県
3918,kaijyo,宮古島,,都外,宮城県
3919,kaijyo,仙台市,,都外,宮城県
3920,kaijyo,仙台うみの杜水族館,,都外,宮城県
3923,kaijyo,松島湾,,都外,宮城県
3924,kaijyo,"islands court",,都外,宮城県
3926,kaijyo,くろしおマリーナ,,都外,宮城県
3928,kaijyo,塩竈市浦戸,,都外,宮城県
3929,kaijyo,石巻蛤浜,,都外,宮城県
3931,kaijyo,おおがわら子どもの心のケアハウス,,都外,宮城県
3933,kaijyo,村田町立村田小学校,,都外,宮城県
3935,kaijyo,えずこホール（仙南芸術文化センター）,,都外,宮城県
3937,kaijyo,学校法人堀内学園富岡幼稚園,,都外,福島県
3938,kaijyo,二本松市立塩沢幼稚園,,都外,福島県
3939,kaijyo,福島県立福島東高等学校,,都外,福島県
3940,kaijyo,川俣町立川俣南幼稚園,,都外,福島県
3941,kaijyo,福島市立森合幼稚園,,都外,福島県
3942,kaijyo,白河市立関辺幼稚園,,都外,福島県
3943,kaijyo,学校法人松韻学園蓬莱もみじ幼稚園,,都外,福島県
3944,kaijyo,福島市立福島養護学校高等部,,都外,福島県
3945,kaijyo,学校法人鏡石学園,,都外,福島県
3946,kaijyo,岡ノ内幼稚園,,都外,福島県
3947,kaijyo,三春町立三春中学校,,都外,福島県
3948,kaijyo,会津若松市立第一中学校,,都外,福島県
3949,kaijyo,福島市立金谷川幼稚園,,都外,福島県
3950,kaijyo,二本松市立渋川小学校,,都外,福島県
3951,kaijyo,"学校法人鏡石学園 岡ノ内幼稚園",,都外,福島県
3954,kaijyo,"いわき芸術文化交流館アリオス - カンティーネ",,都外,福島県
3958,kaijyo,"いわき産業創造館 - 企画展示ホール",,都外,福島県
3960,kaijyo,"いわき市 アートスペースもりたか屋",,都外,福島県
3962,kaijyo,"いわき市小名浜下神白 地内",,都外,福島県
3966,kaijyo,福島県喜多方市,,都外,福島県
3967,kaijyo,西会津市,,都外,福島県
3968,kaijyo,三島町,,都外,福島県
3969,kaijyo,猪苗代町,,都外,福島県
3970,kaijyo,北塩原村,,都外,福島県
3971,kaijyo,南相馬市,,都外,福島県
3977,kaijyo,有楽町朝日ホールスクエア,,都外,千代田区
3984,kaijyo,明洞芸術劇場,,都外,
3992,kaijyo,"東京芸術劇場 - ロワー広場",,都内-区,
3996,kaijyo,東京舞台芸術活動支援センター,,都内-区,
4000,kaijyo,"足立区立千寿桜堤中学校 - 体育館",,都内-区,足立区
4001,kaijyo,"足立区立千寿桜堤中学校 - 校庭",,都内-区,足立区
4008,kaijyo,"東京藝術大学 千住キャンパス - スタジオA",,都内-区,足立区
4015,kaijyo,"東京芸術劇場 - 劇場前広場",,都内-区,
4017,kaijyo,"東京藝術大学 千住キャンパス - 第１講義室",,都内-区,足立区
4030,kaijyo,安養院（足立区）,,都内-区,足立区
4058,kaijyo,自由学園講堂,,都内-市,
4059,kaijyo,"立教大学 - 池袋キャンパス 太刀川記念館３階多目的ホール",,都内-区,
4073,kaijyo,"足立区立西新井第二小学校 - 校庭",,都内-区,足立区
4076,kaijyo,関屋公園,,都内-区,足立区
4078,kaijyo,東京都渋谷公園通りギャラリー,,都内-区,渋谷区
4081,kaijyo,"東京都庁 - 南展望室",,都内-区,新宿区
4096,kaijyo,東南アジア,,都外,
4118,kaijyo,"荒川河川敷 虹の広場",,都内-区,足立区
4121,kaijyo,千住四丁目氷川神社,,都内-区,足立区
4125,kaijyo,東綾瀬公園,,都内-区,足立区
4127,kaijyo,"ギャラクシティ - 第３音楽室",,都内-区,足立区
4130,kaijyo,"東京藝術大学 千住キャンパス - 第7ホール",,都内-区,足立区
4135,kaijyo,池袋西口公園,,都内-区,豊島区
4138,kaijyo,古石場文化センター,,都内-区,江東区
4143,kaijyo,"Tokyo Arts and Space Residency（トーキョーアーツアンドスペースレジデンシー）",,都内-区,墨田区
4145,kaijyo,無印良品（有楽町店）　,,都内-区,中央区
4148,kaijyo,"東京都現代美術館 ‐ リニューアル準備室",,都内-区,江東区
4154,kaijyo,深川資料館通り商店街,,都内-区,江東区
4157,kaijyo,"アーツカウンシル東京 - 会議室",,都内-区,千代田区
4166,kaijyo,築地メリーキャブ,,都内-区,中央区
4170,kaijyo,杉並芸術会館他JR高円寺駅周辺20ヶ所以上,,,
4171,kaijyo,"東京芸術劇場 - アル・テアトロ",,都内-区,
4173,kaijyo,落合・中井周辺,,都内-区,新宿区
4177,kaijyo,新宿駅前周辺各所,,都内-区,新宿区
4179,kaijyo,杉並区阿佐ヶ谷地域,,都内-区,杉並区
4182,kaijyo,ご近所❤ギャラリー吾郎他,,都内-区,台東区
4187,kaijyo,座・高円寺１　セシオン杉並ホール、JR高円寺駅周辺商店街及び高南通りに設営される8演舞場,,都内-区,杉並区
4188,kaijyo,OOTEMORI,,都内-区,
4191,kaijyo,都立善福寺公園、西荻窪/善福寺界隈,,都内-区,杉並区
4194,kaijyo,上野恩賜公園　噴水広場,,都内-区,台東区
4195,kaijyo,"上野恩賜公園 - 噴水広場",,都内-区,
4203,kaijyo,結城座スタジオ,,都内-市,小金井市
4208,kaijyo,"生涯学習施設・道の駅ガレリアかめおか - コンベンションホール",,都外,
4221,kaijyo,トーキョーワンダーサイトレジデンス,,都内-区,墨田区
4223,kaijyo,"二条城 - 二の丸御殿前",,都外,
4226,kaijyo,八王子駅周辺特設会場（旧東京都産業技術研究所八王子支所）,,都内-市,
4232,kaijyo,山鹿市,,,
4233,kaijyo,"山鹿市 - 八千代座前～さくら湯前",,都外,
4234,kaijyo,"山鹿市 - 八千代座",,都外,
4237,kaijyo,"熊本県立熊本かがやきの森支援学校 - 体育館",,都外,
4238,kaijyo,"天草市民センター - 展示室",,都外,
4239,kaijyo,熊本市内,,都外,
4240,kaijyo,"熊本市 - びぷれす広場",,都外,
4243,kaijyo,"豊田市駅 - 西口ペデストリアンデッキ広場",,都外,
4247,kaijyo,みずのき,,都外,
4248,kaijyo,一般社団法人Mealink,,都外,
4252,kaijyo,桃三ふれあいの家,,都内-区,
4253,kaijyo,アトリエ・エー,,都内-区,
4254,kaijyo,綾瀬ひまわり園,,都内-区,
4263,kaijyo,特定非営利活動法人EPO,,都外,
4264,kaijyo,富士清掃サービス,,都内-市,
4265,kaijyo,コミュニティセンターakta,,都内-区,
4266,kaijyo,認定特定非営利活動法人クリエイティブサポートレッツ,,都外,
4274,kaijyo,一般財団法人たんぽぽの家,,都外,
4275,kaijyo,エベレスト・インターナショナルスクール・ジャパン,,都内-区,
4276,kaijyo,小又の里,,都外,
4277,kaijyo,はぁとぴあ原宿,,都内-区,
4278,kaijyo,こども会議,,都内-区,
4279,kaijyo,パラリンピアンスキーヤー,,都内-区,
4280,kaijyo,こころみ学園,,都外,
4281,kaijyo,てんやくえほんふれあい文庫,,都外,
4291,kaijyo,アンダーズ東京,,都内-区,港区
4292,kaijyo,"虎ノ門ヒルズ - 虎ノ門ヒルズ内店舗",,都内-区,港区
4293,kaijyo,港区立南桜公園,,都内-区,港区
4300,kaijyo,"東京藝術大学 - 音楽学部 ５号館401",,都内-区,
4301,kaijyo,"東京国立博物館 - 平成館大講堂",,都内-区,
4307,kaijyo,気まぐれ八百屋だんだん,,都内-区,
4308,kaijyo,東京大学大学院農学生命科学研究科附属生態調和農学機構,,都内-市,
4310,kaijyo,"上野恩賜公園  - 竹の台広場",,都内-区,
4312,kaijyo,国立トレス・デ・フェブレロ大学付属美術館,,都外,
4314,kaijyo,ペルー国立高等芸術学校文化センター,,都外,
4320,kaijyo,"東京国際フォー ラム - ホールB7",,都内-区,
4321,kaijyo,日経ホール,,都内-区,
4326,kaijyo,仲通り,,都内-区,
4327,kaijyo,あじさい通り,,都内-区,
4345,kaijyo,三崎町公園ステージ,,都内-市,
4346,kaijyo,横山町公園ステージ,,都内-市,
4350,kaijyo,網代園南側蔵の前,,都内-市,
4353,kaijyo,中町公園ステージ,,都内-市,
4356,kaijyo,三崎町～中町,,都内-市,
4357,kaijyo,黒塀通り,,都内-市,
4359,kaijyo,三崎町公園～中町公園,,都内-市,
4365,kaijyo,五十通りエリア,,都内-区,千代田区
4366,kaijyo,一八通りエリア,,都内-区,千代田区
4367,kaijyo,旧東京電機大学跡地,,都内-区,千代田区
4368,kaijyo,ワテラス,,都内-区,千代田区
4369,kaijyo,"カフェ＆和酒 N3331",,都内-区,千代田区
4370,kaijyo,司3331,,都内-区,千代田区
4372,kaijyo,"新国立劇場 - 中劇場",,都内-区,渋谷区
4376,kaijyo,"明治神宮外苑 - 聖徳記念絵画館前",,都内-区,新宿区
4378,kaijyo,"TOHOシネマズ 日劇",,都内-区,千代田区
4381,kaijyo,"渋谷駅 - 構内",,都内-区,渋谷区
4413,kaijyo,東村山市立中央公民館,,都内-市,東村山市
4421,kaijyo,"きゅりあん（品川区立総合区民会館） - 小ホール（1F）",,都内-区,品川区
4439,kaijyo,ギャラクシティ西新井文化ホール,,,
4442,kaijyo,"たましんRISURUホール（立川市民会館） -  大ホール",,都内-市,
4444,kaijyo,"サンパール荒川 ‐ 大ホール",,都内-区,
4445,kaijyo,"きゅりあん（品川区立総合区民会館） - リハーサル室（7F)",,都内-区,品川区
4447,kaijyo,"なかのZERO - 大ホール",,都内-市,
4449,kaijyo,"府中の森芸術劇場 - どりーむホール",,都内-市,
4451,kaijyo,"ティアラこうとう（江東公会堂） - 大ホール",,都内-区,
4454,kaijyo,"武蔵野市民文化会館 - 大ホール",,都内-市,
4455,kaijyo,"きゅりあん（品川区立総合区民会館） - イベントホール（7F）",,,
4457,kaijyo,"きゅりあん（品川区立総合区民会館） - イベントホール（7F）",,都内-区,品川区
4460,kaijyo,"小平市民文化会館（ルネこだいら） - 大ホール",,都内-市,
4462,kaijyo,"きゅりあん（品川区立総合区民会館） - 大ホール",,都内-区,
4464,kaijyo,"羽村市生涯学習センターゆとろぎ - 大ホール",,都内-市,
4466,kaijyo,"江戸川区総合文化センター - 大ホール",,都内-区,
4471,kaijyo,"たましんRISURUホール（立川市民会館） -  小ホール（3F)",,都内-市,立川市
4473,kaijyo,"西東京市保谷こもれびホール - メインホール",,都内-市,
4478,kaijyo,"北とぴあ - さくらホール",,都内-区,
4480,kaijyo,"板橋区立文化会館 - 大ホール",,都内-区,
4482,kaijyo,"ひの煉瓦ホール（日野市民会館）  - 大ホール",,都内-市,
4484,kaijyo,"パルテノン多摩 - 大ホール",,都内-市,
4486,kaijyo,"文京シビックホール - 大ホール",,都内-区,
4488,kaijyo,"練馬文化センター - 大ホール",,都内-区,
4490,kaijyo,"サントリーホール - 大ホール",,都内-区,
4492,kaijyo,"かつしかシンフォニーヒルズ - モーツァルトホール",,都内-区,
4494,kaijyo,"めぐろパーシモンホール - 大ホール",,都内-区,
4497,kaijyo,"武蔵村山市民会館（さくらホール） - 大ホール",,都内-市,
4500,kaijyo,千住地域各所,,都内-区,足立区
4513,kaijyo,"たましんRISURUホール（立川市民会館） - ギャラリー（3F)",,都内-市,立川市
4517,kaijyo,"文京シビックホール - 小ホール（2F)",,都内-区,文京区
4519,kaijyo,"文京シビックホール - 多目的室（B1F)",,都内-区,文京区
4522,kaijyo,"文京シビックホール - 練習室1（B1F)",,都内-区,文京区
4525,kaijyo,"亀戸文化センター（カメリアホール） - 大研修室（2F)",,都内-区,江東区
4535,kaijyo,亀戸文化センター（カメリアホール）,,都内-区,
4543,kaijyo,"亀戸文化センター（カメリアホール） - 第3研修室（6F)",,都内-区,江東区
4557,kaijyo,"亀戸文化センター（カメリアホール） - 第1研修室（5F)",,都内-区,江東区
4558,kaijyo,"亀戸文化センター（カメリアホール） - 第2研修室（5F)",,都内-区,江東区
4560,kaijyo,"生涯学習センター（清瀬市） - アミューホール（7F)",,都内-市,清瀬市
4563,kaijyo,"生涯学習センター（清瀬市） - 講座室1（6F)",,都内-市,清瀬市
4565,kaijyo,"生涯学習センター（清瀬市） - 講座室2（6F)",,都内-市,清瀬市
4567,kaijyo,"生涯学習センター（清瀬市） - 会議室1（6F)",,都内-市,清瀬市
4579,kaijyo,"東京芸術劇場 - ミーティングルーム",,都内-区,豊島区
4626,kaijyo,にしすがも創造舎,,都内-区,豊島区
4632,kaijyo,"豊島区舞台芸術交流センター（あうるすぽっと） - ホワイエ",,都内-区,豊島区
4635,kaijyo,"江東区某所（B.E.D. (Episode 5)）",,都内-区,江東区
4636,kaijyo,"すみだトリフォニーホール - 練習室",,都内-区,墨田区
4637,kaijyo,"摂社若宮牛嶋神社 - 社務所",,都内-区,墨田区
4638,kaijyo,"東京芸術劇場 - 大ホール ホワイエ",,都内-区,豊島区
4639,kaijyo,さくら橋コミュニティセンター,,都内-区,墨田区
4640,kaijyo,"東京芸術劇場 - 大ホール エントランスホール（5階）",,都内-区,豊島区
4641,kaijyo,"東京芸術劇場 - アトリウム内ステージ（中2階）",,都内-区,豊島区
4642,kaijyo,森下スタジオ（江東区）,,都内-区,江東区
4643,kaijyo,"森下スタジオ（江東区） - 本館 A",,都内-区,江東区
4644,kaijyo,"森下スタジオ（江東区） - 本館 B",,都内-区,江東区
4645,kaijyo,"森下スタジオ（江東区） - 新館",,都内-区,江東区
4647,kaijyo,"Racines Farm to Park（南池袋公園内）",,都内-区,豊島区
4649,kaijyo,豊島の森（豊島区庁舎10階屋上庭園）,,都内-区,豊島区
4650,kaijyo,外手児童館,,都内-区,墨田区
4653,kaijyo,-両国-江戸NOREN,,都内-区,墨田区
4654,kaijyo,ギャラリーX（カイ）,,都内-区,墨田区
4657,kaijyo,"池袋近郊15会場（池袋演劇祭 第28回）",,都内-区,豊島区
4658,kaijyo,みどりコミュニティセンター,,都内-区,墨田区
4659,kaijyo,南池袋公園,,都内-区,豊島区
4661,kaijyo,グリーン大通り（豊島区）,,都内-区,豊島区
4662,kaijyo,としまセンタースクエア（豊島区庁舎１階）,,都内-区,豊島区
4665,kaijyo,"WACCA池袋 - 4F ギャラリー",,都内-区,豊島区
4671,kaijyo,東京ビッグサイト（東京国際展示場）,,都内-区,江東区
4679,kaijyo,アート集積ビル（PUBULICUS）,,都内-区,中央区
4683,kaijyo,"100BANCH - 3F LOFT",,都内-区,渋谷区
4686,kaijyo,東京都,,都内-区,
4691,kaijyo,"Vieill Bakerycafe&Gallery",,都内-区,練馬区
4694,kaijyo,小竹町会館,,都内-区,練馬区
4696,kaijyo,"norari:kurari cafe&galette",,都内-区,練馬区
4698,kaijyo,青ヶ島,,都内-村,青ヶ島村
4702,kaijyo,"江古田斎場 - F2 第二会館（大悲堂）",,都内-区,練馬区
4704,kaijyo,珈琲店ぶな,,都内-区,練馬区
4712,kaijyo,汐入ふれあい館,,都内-区,荒川区
4721,kaijyo,東京都立一橋定時制高校,,都内-区,千代田区
4730,kaijyo,"CAGE GALLERY",,都内-区,
4731,kaijyo,"Galerie LIBRAIRIE6",,都内-区,
4732,kaijyo,AL,,都内-区,
4733,kaijyo,AIT,,都内-区,
4741,kaijyo,"ロフトワーク／COOOP 10",,都内-区,渋谷区
4744,kaijyo,株式会社オープン・エー,,都内-区,中央区
4746,kaijyo,"ロフトワーク／FabCafe MTRL",,都内-区,渋谷区
4749,kaijyo,石神井,,都内-区,練馬区
4751,kaijyo,十条,,都内-区,北区
4752,kaijyo,武蔵小山,,都内-区,品川区
4755,kaijyo,檜原村,,都内-村,西多摩郡檜原村
4765,kaijyo,"しぜんの国保育園（町田市） - 2F 事務所",,都内-市,町田市
4767,kaijyo,簗田寺,,都内-市,町田市
4771,kaijyo,神津島村,,都内-村,神津島村
4778,kaijyo,"アーツカウンシル東京 - 大会議室",,都内-区,千代田区
4782,kaijyo,社会福祉法人愛泉会かまいしこども園,,都外,岩手県
4830,kaijyo,俳優座劇場,,都内-区,
4848,kaijyo,TBS赤坂ACTシアター,,都内-区,
4866,kaijyo,釜石市民ホール,,都外,岩手県
4868,kaijyo,"貞山堀（多賀城市） - 塩釜港沖",,都外,宮城県
4869,kaijyo,多賀城市山王地区公民館,,都外,宮城県
4872,kaijyo,塩竈市御釜神社,,都外,宮城県
4873,kaijyo,合同会社顔晴れ塩竈,,都外,宮城県
4874,kaijyo,塩竈市千賀の浦緑地公園,,都外,宮城県
4876,kaijyo,松島湾沿岸部,,都外,宮城県
4877,kaijyo,浦戸諸島,,都外,宮城県
4878,kaijyo,ビルドスペース,,都外,宮城県
4881,kaijyo,小劇場B1,,都内-区,
4882,kaijyo,"紀伊國屋サザンシアター TAKASHIMAYA",,都内-区,
4885,kaijyo,けやき教室（白石市）,,都外,宮城県
4887,kaijyo,おおがわら子どもの心のケアハウス（大河原町）,,都外,宮城県
4888,kaijyo,桜保育所（大河原町）,,都外,宮城県
4891,kaijyo,あいやま小規模多機能居宅介護施設（村田町）,,都外,宮城県
4892,kaijyo,関保育所（七ヶ宿町）,,都外,宮城県
4893,kaijyo,障害者社会支援施設陽光園,,都外,宮城県
4896,kaijyo,いわき市小名浜下神白,,都外,福島県
4898,kaijyo,アートスタジオもりたか屋,,都外,福島県
4900,kaijyo,認定こども園ぼだい樹,,都外,福島県
4901,kaijyo,いわき市立平第二小学校,,都外,福島県
4902,kaijyo,二本松市立安達中学校,,都外,福島県
4903,kaijyo,学校法人富田幼稚園,,都外,福島県
4905,kaijyo,県立小野高等学校,,都外,福島県
4907,kaijyo,学校法人西郷幼稚園,,都外,福岡県
4908,kaijyo,福島市立杉妻幼稚園,,都外,福島県
4909,kaijyo,学校法人開南幼稚園,,都外,福島県
4911,kaijyo,会津美里町立高田中学校,,都外,福島県
4913,kaijyo,"福島県立美術館 - 企画展示室B",,都外,福島県
4914,kaijyo,"いわき市暮らしの伝承郷 - 企画展示室",,都外,福島県
4917,kaijyo,"齋藤清美術館 - アートテラス",,都外,福島県
4919,kaijyo,柳津駅周辺,,都外,福島県
4921,kaijyo,"Rough Laugh",,都外,宮城県
4925,kaijyo,岩手県各所,,都外,岩手県
4926,kaijyo,宮城県各所,,都外,宮城県
4927,kaijyo,福島県各所,,都外,福島県
4928,kaijyo,"新国立劇場 - 小劇場",,都内-区,新宿区
4936,kaijyo,"狛江市立西河原公民館 - 多目的ホール",,都内-市,
4937,kaijyo,多摩市立関戸公民館,,都内-市,
4977,kaijyo,東京ウィメンズプラザ,,都内-区,渋谷区
4981,kaijyo,渋谷文化総合センター大和田学習室,,都内-区,渋谷区
4986,kaijyo,"Red Bull Studios Tokyo",,都内-区,渋谷区
4987,kaijyo,小平市民文化会館（ルネこだいら）,,都内-市,小平市
4988,kaijyo,国分寺市立いずみホール,,都内-市,国分寺市
4994,kaijyo,アーツカウンシル東京,,都内-区,千代田区
5013,kaijyo,稲城市立ｉプラザ,,都内-市,
5016,kaijyo,"稲城市立ｉプラザ - 小ホール(B1F)",,都内-市,
5017,kaijyo,"稲城市立ｉプラザ - スタジオ(B2F)",,都内-市,
5018,kaijyo,"稲城市立ｉプラザ - 会議室(2F)",,都内-市,
5040,kaijyo,"清瀬けやきホール - ホール(1F)",,都内-市,
5042,kaijyo,"清瀬けやきホール - 小ホール(4F)",,都内-市,
5043,kaijyo,"清瀬けやきホール - セミナーハウス(1F)",,都内-市,
5046,kaijyo,"清瀬けやきホール - 集会室(4F)",,都内-市,
5075,kaijyo,須田鉄工所（太田区）,,都内-区,大田区
5076,kaijyo,"BUCKLE KÔBÔ（太田区）",,都内-区,大田区
5077,kaijyo,京浜島防災公園（太田区）,,都内-区,大田区
5079,kaijyo,有楽町朝日ホール,,都内-区,千代田区
5080,kaijyo,東京国立近代美術館フィルムセンター,,都内-区,中央区
5082,kaijyo,国立オリンピック記念青少年総合センター,,都内-区,渋谷区
5084,kaijyo,"品川プリンスホテル - ステラボール",,都内-区,港区
5086,kaijyo,"Bunkamura - シアターコクーン",,都内-区,渋谷区
5088,kaijyo,日本科学未来館,,都内-区,江東区
5089,kaijyo,渋谷WOMB,,都内-区,渋谷区
5091,kaijyo,"渋谷駅 - 駅構内13番出口方面",,都内-区,渋谷区
5092,kaijyo,渋谷駅ハチ公前広場,,都内-区,渋谷区
5093,kaijyo,渋谷センター街,,都内-区,渋谷区
5094,kaijyo,"東急百貨店 - 本店 正面口特設スペース",,都内-区,渋谷区
5097,kaijyo,イーストプロムナード,,都内-区,江東区
5103,kaijyo,渋谷区各所,,都内-区,渋谷区
5105,kaijyo,ミレニアムホール（台東区生涯学習センター）,,都内-区,東京都
5107,kaijyo,"杉並公会堂 - 小ホール",,都内-区,東京都
5109,kaijyo,都立善福寺公園,,都内-区,杉並区
5110,kaijyo,遊工房アートスペース,,都内-区,杉並区
5111,kaijyo,タスカフェ,,都内-区,杉並区
5112,kaijyo,バルタザール,,都内-区,杉並区
5113,kaijyo,桃四コミュニティスクール,,都内-区,杉並区
5114,kaijyo,ゆうゆう善福寺館,,都内-区,杉並区
5115,kaijyo,西荻窪周辺,,都内-区,杉並区
5116,kaijyo,"東京芸術劇場 - オープンスペース（地下1階）",,都内-区,
5118,kaijyo,"新宿文化センター - 展示室",,都内-区,新宿区
5119,kaijyo,"羽村市生涯学習センターゆとろぎ - 展示室",,,
5120,kaijyo,"羽村市生涯学習センターゆとろぎ - 展示室",,都内-市,羽村市
5121,kaijyo,"羽村市生涯学習センターゆとろぎ - 小ホール",,都内-市,羽村市
5123,kaijyo,江戸東京博物館ホール,,都内-区,墨田区
5129,kaijyo,中野区役所正面玄関前広場,,都内-区,中野区
5132,kaijyo,"Star Rise Tower",,都内-区,港区
5134,kaijyo,かめありリリオホール,,都内-区,葛飾区
5135,kaijyo,文化放送メディアプラスホール,,都内-区,港区
5136,kaijyo,新宿区角筈区民ホール,,都内-区,新宿区
5137,kaijyo,西東京市民会館公会堂,,都内-市,西東京市
5138,kaijyo,日本消防会館（ニッショーホール）,,都内-区,港区
5139,kaijyo,"カンボジア・プノンペン Circus Hall",,都外,
5140,kaijyo,"カンボジア・プノンペン Department of Performing Arts",,都外,
5142,kaijyo,青ヶ島中学校,,都内-村,青ヶ島村
5143,kaijyo,大島町開発総合センター,,都内-町,大島町
5144,kaijyo,"三宅村文化会館 - リスタホール",,都内-村,三宅村
5146,kaijyo,北千住BUoY,,都内-区,足立区
5147,kaijyo,"室伏鴻アーカイブカフェ Shy",,都内-区,新宿区
5149,kaijyo,新宿シアターモリエール,,都内-区,新宿区
5151,kaijyo,ゲーテ・インスティトゥート（東京ドイツ文化センター）,,都内-区,港区
5154,kaijyo,"カンボジア・プノンペン Department of Performing Arts",,都外,
5156,kaijyo,"Power Mac Center Spotlight",,都外,
5165,kaijyo,"江戸東京ててもの園 - 下町中通りなど",,都内-市,小金井市
5167,kaijyo,"江戸東京たてもの園 - ビジターセンター",,都内-市,小金井市
5168,kaijyo,"江戸東京たてもの園 - 東ゾーン 長屋門",,都内-市,小金井市
5169,kaijyo,"江戸東京たてもの園 - 東ゾーン 川野商店となりの空き地",,都内-市,小金井市
5172,kaijyo,GRINDER-MAN(株式会社イッカク),,都内-区,東京都
5173,kaijyo,"Design Museum Holon（イスラエル・ホロン市）",,都外,
5174,kaijyo,"Post City（オーストリア・リンツ市）",,都外,
5175,kaijyo,"WRO Media Art Biennale（ポーランド・ヴロツワフ市）",,都外,
5176,kaijyo,NTTインターコミュニケーション・センター,,都内-区,東京都
5177,kaijyo,"江戸東京たてもの園 - 復元建造物",,都内-市,小金井市
5182,kaijyo,"大田区民ホール アプリコ - 小ホール",,都内-区,大田区
5194,kaijyo,ギャラリー南製作所,,都内-区,大田区
5198,kaijyo,"清流ガーデン 澤乃井園",,都内-市,青梅市
5199,kaijyo,大田区民プラザ大ホール,,都内-区,大田区
