Title,id,会場(投稿),開催年度,多言語対応の有無,多言語対応（例）ウェブサイトの多言語化,バリアフリー対応の有無,バリアフリー対応策（例）,組織委員会の認証の有無,画像等データの有無,決算額_year,決算額_price
幕末維新期における江戸の人材派遣業②,1625,"東京都江戸東京博物館 - 1F 貸出施設 会議室|東京都江戸東京博物館 - 1F 貸出施設 大ホール",2016,2016,,無し,,有り,バリアフリー対応施設,なし,なし
福井県連携講座「由利公正という個性」,1626,"東京都江戸東京博物館 - 1F 貸出施設 会議室|東京都江戸東京博物館 - 1F 貸出施設 大ホール",2016,2016,,無し,,有り,バリアフリー対応施設,なし,なし
江戸幕府の最高権力者徳川将軍②歴代将軍一覧,1627,"東京都江戸東京博物館 - 1F 貸出施設 会議室|東京都江戸東京博物館 - 1F 貸出施設 大ホール",2016,2016,,無し,,有り,バリアフリー対応施設,なし,なし
特別展「江戸と北京」関連講座①「老北京」の年中行事,1628,"東京都江戸東京博物館 - 1F 貸出施設 会議室|東京都江戸東京博物館 - 1F 貸出施設 大ホール",2016,2016,,無し,,有り,バリアフリー対応施設,なし,なし
特別展「江戸と北京」関連講座②絵巻から見た江戸と北京の都市生活―「江戸と北京」展のみどころ―,1629,"東京都江戸東京博物館 - 1F 貸出施設 会議室|東京都江戸東京博物館 - 1F 貸出施設 大ホール",2016,2016,,無し,,有り,バリアフリー対応施設,なし,なし
千住の文化と美術―琳派と文晁の系譜―③千住と文晁の系譜,1630,"東京都江戸東京博物館 - 1F 貸出施設 会議室|東京都江戸東京博物館 - 1F 貸出施設 大ホール",2016,2016,,無し,,有り,バリアフリー対応施設,なし,なし
企画展「戦時下のこどもたち」関連講座①「少国民」のくらし―戦時下東京のこどもたち展のみどころ―,1631,"東京都江戸東京博物館 - 1F 貸出施設 会議室|東京都江戸東京博物館 - 1F 貸出施設 大ホール",2017,2016,,無し,,有り,バリアフリー対応施設,なし,なし
異国に贈られた屏風絵,1632,"東京都江戸東京博物館 - 1F 貸出施設 会議室|東京都江戸東京博物館 - 1F 貸出施設 大ホール",2016,2016,,無し,,有り,バリアフリー対応施設,なし,なし
新・日本建築家列伝「フランク・ロイド・ライトと日本」①フランク・ロイド・ライトと日本への影響,1633,"東京都江戸東京博物館 - 1F 貸出施設 会議室|東京都江戸東京博物館 - 1F 貸出施設 大ホール",2016,2016,,無し,,有り,バリアフリー対応施設,なし,なし
企画展「戦時下のこどもたち」関連講座②女学生の勤労動員と風船爆弾,1634,"東京都江戸東京博物館 - 1F 貸出施設 会議室|東京都江戸東京博物館 - 1F 貸出施設 大ホール",2016,2016,,無し,,有り,バリアフリー対応施設,なし,なし
別展「江戸と北京」関連講座③日本に招来された清朝陶磁器,1635,"東京都江戸東京博物館 - 1F 貸出施設 会議室|東京都江戸東京博物館 - 1F 貸出施設 大ホール",2016,2016,,無し,,無し,,,なし
新・日本建築家列伝「フランク・ロイド・ライトと日本」②ライトからの贈り物をいきいきと受け継いで～自由学園明日館の動態保存～,1636,"東京都江戸東京博物館 - 1F 貸出施設 会議室|東京都江戸東京博物館 - 1F 貸出施設 大ホール",2016,2016,,無し,,有り,バリアフリー対応施設,なし,なし
江戸幕府の最高権力者徳川将軍③歴代将軍の「妻妾」,1637,"東京都江戸東京博物館 - 1F 貸出施設 会議室|東京都江戸東京博物館 - 1F 貸出施設 大ホール",2016,2016,,無し,,有り,バリアフリー対応施設,なし,なし
"「能公演 ・藤戸」公益財団法人能楽協会の企画制作による公演",1639,"東京都江戸東京博物館 - 1F 貸出施設 大ホール",2016,2016,,有り,,有り,バリアフリー対応施設,なし,なし
「狂言・附子、居杭」公益財団法人能楽協会の企画制作による公演,1640,"東京都江戸東京博物館 - 1F 貸出施設 大ホール",2016,2016,,有り,,有り,バリアフリー対応施設,なし,なし
国際交流事業（第15回日中韓博物館国際シンポジウム）,1642,瀋陽故宮博物院,2016,2016,,無し,,無し,,なし,なし
曲独楽・落語（10月23日）,1650,"東京都江戸東京博物館 - 5F 常設展示室 中村座前",2016,2016,,無し,,有り,バリアフリー対応施設,なし,なし
筝（10月29日）,1651,"東京都江戸東京博物館 - 5F 常設展示室 中村座前",2016,2016,,無し,,有り,バリアフリー対応施設,なし,なし
太神楽・落語（10月30日）,1652,"東京都江戸東京博物館 - 5F 常設展示室 中村座前",2016,2016,,無し,,有り,バリアフリー対応施設,なし,なし
尺八・津軽三味線（11月3日）,1653,"東京都江戸東京博物館 - 5F 常設展示室 中村座前",2016,2016,,無し,,有り,バリアフリー対応施設,なし,なし
津軽三味線（11月5日）,1654,"東京都江戸東京博物館 - 5F 常設展示室 中村座前",2016,2016,,無し,,有り,バリアフリー対応施設,なし,なし
奇術・落語（11月6日）,1655,"東京都江戸東京博物館 - 5F 常設展示室 中村座前",2016,2016,,無し,,有り,バリアフリー対応施設,なし,なし
津軽三味線（11月8日）,1656,"東京都江戸東京博物館 - 5F 常設展示室 中村座前",2016,2016,,無し,,有り,バリアフリー対応施設,なし,なし
三味線・筝・尺八（11月9日）,1657,"東京都江戸東京博物館 - 5F 常設展示室 中村座前",2016,2016,,無し,,有り,バリアフリー対応施設,なし,なし
尺八（11月10日）,1658,"東京都江戸東京博物館 - 5F 常設展示室 中村座前",2016,2016,,無し,,有り,バリアフリー対応施設,なし,なし
三味線・筝・尺八（11月11日）,1659,"東京都江戸東京博物館 - 5F 常設展示室 中村座前",2016,2016,,無し,,有り,バリアフリー対応施設,なし,なし
江戸芸かっぽれ（11月12日）,1660,"東京都江戸東京博物館 - 5F 常設展示室 中村座前",2016,2016,,無し,,有り,バリアフリー対応施設,なし,なし
落語（11月15日）,1661,"東京都江戸東京博物館 - 5F 常設展示室 中村座前",2016,2016,,無し,,有り,バリアフリー対応施設,なし,なし
落語（11月16日）,1662,"東京都江戸東京博物館 - 5F 常設展示室 中村座前",2016,2016,,無し,,有り,バリアフリー対応施設,なし,なし
落語（11月17日）,1663,"東京都江戸東京博物館 - 5F 常設展示室 中村座前",2016,2016,,無し,,有り,バリアフリー対応施設,なし,なし
落語（11月18日）,1664,"東京都江戸東京博物館 - 5F 常設展示室 中村座前",2016,2016,,無し,,有り,バリアフリー対応施設,なし,なし
江戸芸かっぽれ（12月10日）,1665,"東京都江戸東京博物館 - 5F 常設展示室 中村座前",2016,2016,,無し,,有り,バリアフリー対応施設,なし,なし
からくり実演（1月2日）,1666,"東京都江戸東京博物館 - 5F 常設展示室 中村座前",2016,2016,,無し,,有り,バリアフリー対応施設,なし,なし
からくり実演（1月3日）,1667,"東京都江戸東京博物館 - 5F 常設展示室 中村座前",2016,2016,,無し,,有り,バリアフリー対応施設,なし,なし
からくり実演（1月4日）,1668,"東京都江戸東京博物館 - 5F 常設展示室 中村座前",2016,2016,,無し,,有り,バリアフリー対応施設,なし,なし
からくり実演（1月5日）,1669,"東京都江戸東京博物館 - 5F 常設展示室 中村座前",2016,2016,,無し,,有り,バリアフリー対応施設,なし,なし
落語・太神楽（1月7日）,1670,"東京都江戸東京博物館 - 5F 常設展示室 中村座前",2016,2016,,無し,,有り,バリアフリー対応施設,なし,なし
落語・紙切り（1月8日）,1671,"東京都江戸東京博物館 - 5F 常設展示室 中村座前",2016,2016,,無し,,有り,バリアフリー対応施設,なし,なし
落語・奇術（1月9日）,1672,"東京都江戸東京博物館 - 5F 常設展示室 中村座前",2016,2016,,無し,,有り,バリアフリー対応施設,なし,なし
江戸芸かっぽれ（1月14日）,1673,"東京都江戸東京博物館 - 5F 常設展示室 中村座前",2016,2016,,無し,,有り,バリアフリー対応施設,なし,なし
江戸芸かっぽれ（2月11日）,1674,"東京都江戸東京博物館 - 5F 常設展示室 中村座前",2016,2016,,無し,,有り,バリアフリー対応施設,なし,なし
江戸芸かっぽれ（3月11日）,1675,"東京都江戸東京博物館 - 5F 常設展示室 中村座前",2016,2016,,無し,,有り,バリアフリー対応施設,なし,なし
津軽三味線（3月18日）,1676,"東京都江戸東京博物館 - 5F 常設展示室 中村座前",2016,2016,,無し,,有り,バリアフリー対応施設,なし,なし
尺八・筝（3月19日）,1677,"東京都江戸東京博物館 - 5F 常設展示室 中村座前",2016,2016,,無し,,有り,バリアフリー対応施設,なし,なし
津軽三味線（3月20日）,1678,"東京都江戸東京博物館 - 5F 常設展示室 中村座前",2016,2016,,無し,,有り,バリアフリー対応施設,なし,なし
曲独楽・太神楽（3月25日）,1679,"東京都江戸東京博物館 - 5F 常設展示室 中村座前",2016,2016,,無し,,有り,バリアフリー対応施設,なし,なし
和妻・太神楽（3月26日）,1680,"東京都江戸東京博物館 - 5F 常設展示室 中村座前",2016,2016,,無し,,有り,バリアフリー対応施設,なし,なし
太神楽・紙切り（3月28日）,1681,"東京都江戸東京博物館 - 5F 常設展示室 中村座前",2016,2016,,無し,,有り,バリアフリー対応施設,なし,なし
万華鏡で遊ぼう（2016年9月24日）,1683,"東京都江戸東京博物館 - 5F 常設展示室 ミュージアム・ラボ",2016,2016,,無し,,有り,バリアフリー対応施設,なし,なし
江戸名所図会で「八百屋お七」の足跡を歩く（駒込～春日）（2016年9月24日）,1684,東京都江戸東京博物館,2016,2016,,無し,,有り,バリアフリー対応施設,なし,なし
８枚羽根のかざぐるまを作ろう（2016年9月25日）,1685,東京都江戸東京博物館,2016,2016,,無し,,有り,バリアフリー対応施設,なし,なし
「季節のない街」2017年版,1697,世田谷パブリックシアター,2016,2016,,有り,英語,無し,,,なし
"ダンスがみたい！ 18　エリック・サティを踊る",1699,d-倉庫,2016,2016,,有り,英語,無し,,,なし
"BONUS　第4回連結クリエイション　テクノロジー×ダンス× X 編",1701,"東京工業大学 - 西9号館ディジタル多目的ホール",2016,2016,,有り,英語,無し,,,なし
セッションハウス若手ダンサー支援プロジェクト,1703,セッションハウス（新宿区）,2016,2016,,有り,英語,無し,,,なし
"Integrated Dance Company 響-Kyo 第4回公演　二作品上演『パワポル』『les gens de Tokyo』",1705,"東京芸術センター - ホワイトスタジオ",2016,2016,,有り,英語,無し,,,なし
「大野一雄について」欧州ツアー,1707,"Dynastiegebouw|アスクナ・セントロア|Palco da Sala Principal★場所不明",2016,2016,,有り,英語,無し,,,なし
国立奥多摩映画館　美術でもない映画でもない映像,1709,国立奥多摩美術館,2016,2016,,有り,英語,無し,,,なし
ボリス・グロイス日本招聘プロジェクト,1711,東京大学|森美術館,2016,2016,,有り,英語,無し,,,なし
視覚障害者とつくる美術鑑賞ワークショップ,1715,東京都美術館|森美術館|東京都庭園美術館|東京ステーションギャラリー,2016,2016,,有り,英語,有り,障害者も参加可能なワークショップ,,なし
"全天周映像上映会「After Cherenkov」",1717,"ギャラクシティ - まるちたいけんドーム",2016,2016,,有り,英語,無し,,,なし
"蓮沼執太展 （仮）",1719,"スパイラル（港区） - スパイラルガーデン",2016,2016,,有り,英語,無し,,,なし
"αＭプロジェクト2016「トランス／リアル ― 非実体的美術の可能性」",1722,ギャラリーαＭ,2016,2016,,有り,英語,無し,,,なし
ルーマニア・ブカレストにおける個展,1724,"ハート・ギャラリー（H’art Gallery）",2016,2016,,有り,英語,無し,,,なし
"Fremantle Arts Centre レジデンスプログラムへの参加及び展覧会の開催",1732,"フリーマントル・アーツ・センター（Fremantle Arts Centre）",2016,2016,,有り,英語,無し,,,なし
欧米における活動写真文化の普及事業,1734,ライン・フリードリヒ・ヴィルヘルム大学ボン,2016,2016,,有り,英語,無し,,,なし
"Artist in Residence Program in Hong Kong 2016",1736,"C&G アートパートメント（香港）|フローティングプロジェクツ（香港）",2016,2016,,有り,英語,無し,,,なし
"まちなかJapan ニッポン音楽隊がやってきた！",1739,"新宿駅西口広場 ‐ イベントコーナー",2016,2016,,有り,英語,無し,,,なし
"瀧 健太郎",1745,トーキョーアーツアンドスペースレジデンシー,2016,2016,,有り,英語,無し,,なし,なし
"大和田 俊",1746,トーキョーアーツアンドスペースレジデンシー,2016,2016,,有り,英語,無し,,なし,なし
"持田 敦子",1747,トーキョーアーツアンドスペースレジデンシー,2016,2016,,有り,英語,無し,,なし,なし
フェラン・プラ,1753,トーキョーアーツアンドスペースレジデンシー,2016,2016,,有り,英語,無し,,なし,なし
アンドレア・カネパ,1754,トーキョーアーツアンドスペースレジデンシー,2016,2016,,有り,英語,無し,,なし,なし
"丸山 美紀",1755,トーキョーアーツアンドスペースレジデンシー,2016,2016,,有り,英語,無し,,なし,なし
シリン・サバヒ,1756,トーキョーアーツアンドスペースレジデンシー,2016,2016,,有り,英語,無し,,なし,なし
チャン・カイチュン,1757,トーキョーアーツアンドスペースレジデンシー,2016,2016,,有り,英語,無し,,なし,なし
クレマンス・ショケ＆ミカエル・ガミオ,1758,トーキョーアーツアンドスペースレジデンシー,2016,2016,,有り,英語,無し,,なし,なし
リギョン,1759,トーキョーアーツアンドスペースレジデンシー,2016,2016,,有り,英語,無し,,なし,なし
チョウ・ユンジュ,1760,トーキョーアーツアンドスペースレジデンシー,2016,2016,,有り,英語,無し,,なし,なし
鈴木直江,1761,トーキョーアーツアンドスペースレジデンシー,2016,2016,,有り,英語,無し,,なし,なし
トビアス・ツィローニィ,1762,トーキョーアーツアンドスペースレジデンシー,2016,2016,,有り,英語,無し,,なし,なし
マーセ・ロドリゴ・ガルシア,1763,トーキョーアーツアンドスペースレジデンシー,2016,2016,,有り,英語,無し,,なし,なし
グリッサゴーン・ティンタップタイ,1764,トーキョーアーツアンドスペースレジデンシー,2016,2016,,有り,英語,無し,,なし,なし
シャルル・ケヴィヨン,1765,トーキョーアーツアンドスペースレジデンシー,2016,2016,,有り,英語,無し,,なし,なし
シグネ・ハーマン,1766,トーキョーアーツアンドスペースレジデンシー,2016,2016,,有り,英語,無し,,なし,なし
カルル・マズロ,1767,トーキョーアーツアンドスペースレジデンシー,2016,2016,,有り,英語,無し,,なし,なし
ヴァレリオ・サニカンドロ,1768,トーキョーアーツアンドスペースレジデンシー,2016,2016,,有り,英語,無し,,なし,なし
エヴァン・ジャコビー,1769,トーキョーアーツアンドスペースレジデンシー,2016,2016,,有り,英語,無し,,なし,なし
エリザベス・ベリヴォ,1770,トーキョーアーツアンドスペースレジデンシー,2016,2016,,有り,英語,無し,,なし,なし
ドミニック・キュナン,1771,トーキョーアーツアンドスペースレジデンシー,2016,2016,,有り,英語,無し,,なし,なし
ヘレナ・ウェスターリンド,1772,トーキョーアーツアンドスペースレジデンシー,2016,2016,,有り,英語,無し,,なし,なし
クリス・ロメロ,1773,トーキョーアーツアンドスペースレジデンシー,2016,2016,,有り,英語,無し,,なし,なし
ルイス・グラネ,1774,トーキョーアーツアンドスペースレジデンシー,2016,2016,,有り,英語,無し,,なし,なし
ウンベルト・ヂューク,1775,トーキョーアーツアンドスペースレジデンシー,2016,2016,,有り,英語,無し,,なし,なし
アンネ・ビュッシャー,1776,トーキョーアーツアンドスペースレジデンシー,2016,2016,,有り,英語,無し,,なし,なし
アリツィア・ドブルツカ＆オリヴィエ・リション,1777,トーキョーアーツアンドスペースレジデンシー,2016,2016,,有り,英語,無し,,なし,なし
フィオナ・アムンゼン,1779,トーキョーアーツアンドスペースレジデンシー,2016,2016,,有り,英語,無し,,なし,なし
ジョバンニ・インネッラ,1780,トーキョーアーツアンドスペースレジデンシー,2016,2016,,有り,英語,無し,,なし,なし
コンラッド・ユーシチンスキ,1781,トーキョーアーツアンドスペースレジデンシー,2016,2016,,有り,英語,無し,,なし,なし
イルワン・アーメット＆ティタ・サリナ,1782,トーキョーアーツアンドスペースレジデンシー,2016,2016,,有り,英語,無し,,なし,なし
ジュスティーヌ・エマー,1785,トーキョーアーツアンドスペースレジデンシー,2016,2016,,有り,英語,無し,,なし,なし
エマニュエル・ギヨー,1786,トーキョーアーツアンドスペースレジデンシー,2016,2016,,有り,英語,無し,,なし,なし
カロリーナ・ブレグーワ,1787,トーキョーアーツアンドスペースレジデンシー,2016,2016,,有り,英語,無し,,なし,なし
"時空を越える虚無僧尺八の世界 ～虚無僧尺八の最大の寺・越後明暗寺所縁の虚無僧を迎えて～ ― 中村明一尺八リサイタル ―",1788,よみうり大手町ホール,2016,2016,,有り,英語,無し,,,なし
創邦21　第14回作品演奏会,1791,"紀尾井ホール - 紀尾井小ホール",2016,2016,,有り,英語,無し,,,なし
金曜コンサート,1793,"日比谷公園 - 小音楽堂",2016,2016,,無し,,無し,,,なし
祝傘寿　川瀬順輔の会,1797,"国立能楽堂 ‐ 能舞台",2016,2016,,有り,英語,無し,,,なし
"邦楽聖会公演 No19",1799,"東京オペラシティ - リサイタルホール",2016,2016,,有り,英語,無し,,,なし
水曜コンサート,1800,"日比谷公園 - 小音楽堂",2016,2016,,無し,,無し,,,なし
"第30回 現代邦楽作曲家連盟作品演奏会",1801,"紀尾井ホール - 紀尾井小ホール",2016,2016,,有り,英語,無し,,,なし
"第13回 ユネスコ記念能",1802,国立能楽堂,2016,2016,,有り,英語,無し,,,なし
さくらこまち和楽団・イタリア公演2016,1804,"ミラノ大学 - 音楽ホール アウラ マナ|メディチ・リッカルディ宮殿 - 中庭|バシリカ サン ジョヴァンニ教会 - ホール|ボローニャ音楽博物館 - ホール|ベルガマッシ教会 - ホール",2016,2016,,有り,英語,無し,,,なし
"邦楽展28　koto Collection Today",1805,霞が関ナレッジスクエアー,2016,2016,,有り,英語,無し,,,なし
代々木果迢会別会「一之輔落語×竹灯籠能『菊慈童』」,1807,"妙壽寺 - 本堂",2016,2016,,有り,英語,無し,,,なし
"OSMOSIS Fest",1809,"Cultural and Creative district of Taiwan Power Company|Waley Art space|Thinkers’Theatre|The Pier-2 Art Center|Live warehouse|89 PIER-2 CINEMA|Kaohsiung experimental theatre",2016,2016,,有り,英語,無し,,,なし
舞台芸術制作者オープンネットワーク（ON-PAM）による創造環境整備事業,1817,"豊島区舞台芸術交流センター（あうるすぽっと） - 会議室|芸能花伝舎",2016,2016,,有り,英語,無し,,,なし
スロームーブメント豊洲公演,1820,新豊洲ブリリア・ランニングスタジアム,2016,2016,,有り,英語,無し,,,なし
"河崎 純　音楽詩劇公演プロジェクト",1822,"HIGH FEST International Performing Arts Festival, Hamazgayin State Theatre|国立現代美術センター★場所不明|Long Arms Festival, DOM Cultural Center",2016,2016,,有り,英語,無し,,,なし
サウンド・ライブ・トーキョー,1829,スーパー・デラックス（港区）,2016,2016,,有り,英語,無し,,,なし
"伶楽舎 第十三回雅楽演奏会 ～武満徹「秋庭歌一具」",1835,"東京オペラシティ - コンサートホール",2016,2016,,有り,英語,無し,,,なし
《障害の家》プロジェクト,1836,3331アーツ千代田,2016,2016,,有り,英語,無し,バリアフリー対応施設,,なし
"10月1日 臨時開催",1856,国立西洋美術館,2016,2016,,無し,,無し,バリアフリー対応施設,なし,なし
11月20日「あいうえの特別企画」にて実施,1858,"東京都美術館 - 交流棟 2F アートスタディルーム",2016,2016,,無し,,無し,バリアフリー対応施設,なし,なし
あいうえの　temp,1859,"国立国会図書館 - 国際子ども図書館|東京都恩賜上野動物園|東京都美術館|国立科学博物館|東京藝術大学|東京文化会館|国立西洋美術館|上野の森美術館",2016,2016,,無し,,無し,バリアフリー対応施設,なし,なし
"カルチュラル・タイフーン 2016「それを感じられるか？」Can You Feel It ？ ― グローバル化する都市への文化的介入",1860,"東京芸術大学 - 上野キャンパス",2016,2016,,有り,英語,無し,,,あり・チラシ画像
10月15日,1861,"東京都美術館 - 交流棟 2F アートスタディルーム",2016,2016,,無し,,無し,バリアフリー対応施設,なし,なし
"10月15日 臨時開催",1862,国立西洋美術館,2016,2016,,無し,,無し,バリアフリー対応施設,なし,なし
"11月19日 臨時開催",1864,国立西洋美術館,2016,2016,,無し,,無し,バリアフリー対応施設,なし,なし
11月19日「あいうえの特別企画」にて実施,1865,"東京都美術館 - 講堂",2016,2016,,無し,,無し,バリアフリー対応施設,なし,なし
2月18日,1866,"東京都美術館 - 交流棟 2F アートスタディルーム",2016,2016,,無し,,無し,バリアフリー対応施設,なし,なし
建築模型を語る――日本の建築家10人が考える建築模型のこれから,1868,"Terratoria|T-Art Gallery",2016,2016,,有り,英語,無し,,,
ようこそ！お囃子の世界へ　三ッ目囃,1870,"中町公園（八王子市） - 屋外ステージ",2016,2016,,有り,英語|中国語簡体字|中国語繁体字|韓国語,無し,,公認プログラム,なし
“桐”と“竹”音色七色,1872,"中町公園（八王子市） - 屋外ステージ",2016,2016,,有り,英語|中国語簡体字|中国語繁体字|韓国語,無し,,公認プログラム,なし
八王子芸妓衆の華と粋,1873,"中町公園（八王子市） - 屋外ステージ",2016,2016,,有り,英語|中国語簡体字|中国語繁体字|韓国語,無し,,公認プログラム,あり・その他画像
地芝居を楽しむ！秋川歌舞伎,1874,"横山町公園（八王子市） - 屋外ステージ",2016,2016,,有り,英語|中国語簡体字|中国語繁体字|韓国語,無し,,公認プログラム,なし
ちょっと小粋にまちめぐり！人力車・昭和レトロ探し,1876,横山町公園（八王子市）|駅前銀座通り（八王子市）|西放射線ユーロード|ゆき乃恵（八王子市）|すず香（八王子市）,2016,2016,,有り,英語|中国語簡体字|中国語繁体字|韓国語,無し,,公認プログラム,なし
"Worldwide：Japan Project",1877,"テアトル・ドゥ・ラ・メール（Théâtre de la Mer）|LIQUIDROOM",2016,2016,,有り,英語,無し,,,なし
北とぴあ国際音楽祭2016参加公演「リゲティのホルン・トリオをめぐって」,1882,"北とぴあ - つつじホール",2016,2016,,有り,英語,無し,,,あり・チラシ画像
ミュージック・フロム・ジャパン2017年音楽祭,1884,"スカンジナビアハウス - ヴィクター・ボージ ホール|国際交流基金ニューヨーク日本文化センター|コロンビア大学 - ドッジホール",2016,2016,,有り,英語,無し,,,なし
"栗コーダー＆フレンズ　アジア６カ国 ミュージック＆アート　共同制作プロジェクト",1888,"ラオプラザホテル|国立音楽舞踊学校★場所不明|キティサック・インターナショナル校|サトリハウス★場所不明|東京国立博物館 - 国立舞踊劇場|ソフィテル★場所不明|スターパインズカフェ|パトラワディシアター",2016,2016,,有り,英語,無し,,,なし
"inc. ‒ artist incubation project 2017",1897,"くにたち市民芸術 - 小ホール",2016,2016,,有り,英語,無し,,,なし
"Tokyo Cantat 2017",1899,"すみだトリフォニーホール - 大ホール|森下文化センター|豊洲文化センター|江東区文化センター",2017,2017,,有り,英語,無し,,,なし
"Attack On Dance WorldTour 2016",1905,CCSP（CentroCulturalSãoPaulo／サンパウロ市文化センター）,2016,2016,,有り,英語,無し,,,なし
マクベス（仮）,1907,本多劇場,2016,2016,,有り,英語,無し,,,なし
"あやめ十八番 第七回公演「霓裳羽衣」",1909,"東京芸術劇場 - シアターウエスト",2016,2016,,無し,,無し,,,なし
シティⅢ,1910,"音楽実験室 - 新世界",2017,2017,,有り,英語,無し,,,なし
現代カナダ演劇・最新作連続公演「エレファント・ソング」,1912,下北沢「劇」小劇場,2016,2016,,無し,,無し,,,なし
「CATFISH」,1914,CLASKA（クラスカ）（目黒区）,2016,2016,,有り,英語,無し,,,なし
「アトレウス」（仮題）,1916,吉祥寺シアター,2016,2016,,有り,英語,無し,,,なし
花園プロジェクト「花園RED／花園BLUE」,1917,すみだパークスタジオ倉,2016,2016,,有り,英語,無し,,,なし
国際共同制作　第１弾　日本xマレーシア　『ファミリー』,1919,"森下スタジオ（江東区） - 本館 C",2016,2016,,有り,英語,無し,,,なし
結城座×鄭義信「ドールズタウン」,1921,下北沢ザ・スズナリ,2016,2016,,有り,英語,無し,,,なし
"Ｃｏ . 山田うん　エストニア公演ツアー",1923,"エストニア国立博物館|Vaba Lava",2016,2016,,有り,英語,無し,,,なし
"OrganWorks アレコレ2「Triple Bill」",1927,豊島区舞台芸術交流センター（あうるすぽっと）,2016,2016,,有り,英語,無し,,,なし
"C/Ompany 主催公演「忘れろ／ボレロ」",1929,"DDD AOYAMA クロスシアター",2016,2016,,有り,英語,無し,,,なし
花粉革命,1931,シアタートラム,2016,2016,,有り,英語,無し,,,なし
"「YEBIZO MEETS」Ⅰ 特別セッション",1978,"恵比寿ガーデンプレイス - COMMON EBISU",2016,2016,,有り,英語,無し,バリアフリー対応施設,なし,
"東京都写真美術館 3F, 2F, B1F展示室",1980,"東京都写真美術館 - 3F 展示室|東京都写真美術館 - 2F 展示室|東京都写真美術館 - B1F 展示室|東京都写真美術館 - 2F ロビー|東京都写真美術館 - 3F ロビー",2016,2016,,有り,英語,有り,バリアフリー対応施設,なし,あり・チラシ画像
フェスティバル会場・オールアラウンドガイドツアー,1981,"東京都写真美術館|恵比寿ガーデンプレイス - センター広場|日仏会館 - ギャラリー",2016,2016,,有り,英語,無し,バリアフリー対応施設,なし,なし
"TOP メイン会場・ガイドツアー",1982,東京都写真美術館,2016,2016,,有り,英語,有り,バリアフリー対応施設,なし,なし
"TOP Museum Guided Tour: EnglishVersion",1983,東京都写真美術館,2016,2016,,有り,英語,有り,バリアフリー対応施設,なし,なし
"勅使川原三郎 新作 フランス・ツアー",1989,"リュー・ユニック大アトリエ（Le Lieu unique Grand Atelier ）|マルティーグ・サラン劇場（Theatre des Salines-Scene national de Martigues ）|シャイヨー国立劇場 （Theatre national de Chaillot）",2016,2016,,有り,英語,無し,,,なし
プロジェクト大山　新作公演「それでも　おどって」,1993,シアタートラム,2016,2016,,有り,英語,無し,,,なし
コンドルズ×あうるすぽっと　大赤字コンテンポラリーダンスフェスvol.1「可能性の獣たち2017」,1994,豊島区舞台芸術交流センター（あうるすぽっと）,2016,2016,,有り,英語,無し,,,あり・チラシ画像
ダンス保育園！！,1995,"スパイラルホール（港区）|恵比寿ガーデンプレイス - COMMON EBISU★重複",2016,2016,,有り,英語,無し,,,なし
"コンテンポラリーダンス・ショーケース JAPAN +EAST ASIA",1999,ジャパンソサエティ★重複,2016,2016,,有り,英語,無し,,なし,なし
"インフラ　INFRA -Between Musin and Arts, BetweenTokyo and Berlin",2001,"インポートプロジェクト（Import project）★場所不明|山本現代",2016,2016,,有り,英語,無し,,,なし
ホスピタルとデザイン展,2004,"アクシスギャラリー - シンポジア",2016,2016,,有り,英語,無し,,,なし
"Art, Media and I, TOKYO（AMIT）2017",2006,"丸ビル - マルキューブ",2016,2016,,有り,英語,無し,,,なし
ジェイ・チュン＆キュウ・タケキ・マエダ展,2008,statements（ステイトメンツ）（渋谷区）,2016,2016,,有り,英語,無し,,,なし
"Reborn Homes through my voice",2011,旧平櫛田中邸,2016,2016,,有り,英語,無し,,,なし
泡とねばり、とうきょう,2013,新宿眼科画廊,2016,2016,,有り,英語,無し,,,なし
アート産業市場『見える化』プロジェクト,2015,東京都内各所,2016,2016,,有り,英語,無し,,,なし
石塚元太良新作展『Demarcation』実行委員会,2018,"Gallery 916",2016,2016,,有り,英語,無し,,,なし
映画をめぐる視覚のあり方を問う新作映画制作,2021,UPLINK（アップリンク渋谷）,2016,2016,,有り,英語,無し,,,なし
"第十四回 飛鳥山薪能公演　及び　飛鳥山薪能 能楽鑑賞会",2023,"飛鳥山公園 ‐ 野外舞台",2016,2016,,有り,英語,無し,,,なし
徹の笛　̶第八回福原徹演奏会̶,2025,"東京文化会館 - 小ホール",2016,2016,,有り,英語,無し,,,なし
「Ｗ.Ｂ.イエーツを魅了した能の演目から」ニューヨーク公演,2026,ジャパン・ソサエティー,2016,2016,,有り,英語,無し,,,なし
"第2回 今藤政太郎作品演奏会",2028,"紀尾井ホール - 紀尾井小ホール",2016,2016,,有り,英語,無し,,,なし
東京高円寺阿波おどり台湾公演2017,2029,慈恵宮|国立台湾戯曲学院|松山慈祐宮,2016,2016,,有り,英語,無し,,,なし
"野坂操壽 × 沢井一恵「変絃自在」サンフランシスコ公演",2033,"San Francisco Public Library|Maybeck Studio|Herbst Theatre",2016,2016,,有り,英語,無し,,,なし
伝統・技・美のライブパフォーマンス「一粒萬倍」,2037,アームストロング劇場,2016,2016,,有り,英語,無し,,,なし
"第七回 貴雅の会",2039,"紀尾井ホール - 紀尾井小ホール",2016,2016,,有り,英語,無し,,,なし
日本三曲協会定期公演　第3回　日本の響,2040,"国立劇場 - 小劇場",2016,2016,,有り,英語,無し,,,なし
"山本亜美 二十五絃箏リサイタル ～紡ぐ、箏　歌～",2042,"東京オペラシティ - 3F 近江楽堂",2016,2016,,有り,英語,無し,,,あり・チラシ画像
"第2回 清元志寿子太夫　清元一太夫　清元演奏會",2043,"紀尾井ホール - 紀尾井小ホール",2016,2016,,有り,英語,無し,,,なし
第三十四回　神楽坂をどり,2044,牛込箪笥区民ホール,2016,2016,,有り,英語,無し,,,なし
IAFT16/17,2046,"Space One（韓国 ソウル）|Audio Visual Pavilion|igong（韓国）|UPLINK（アップリンク渋谷）",2016,2016,,有り,英語,無し,,,なし
賞道のすすめ,2054,"東京松屋 - インテリア和紙ショールーム・ショップ 江戸からかみ",2016,2016,,有り,英語,無し,,,なし
CINARS特別集中講義「カンパニーを国際化するための専門知識とメソッド」,2057,"豊島区舞台芸術交流センター（あうるすぽっと） - 会議室B",2016,2016,,有り,,無し,,,なし
"東京文化会館《響の森》vol. 39「ニューイヤーコンサート2017」",2058,"東京文化会館 - 大ホール",2016,2016,,無し,,有り,バリアフリー対応施設,なし,なし
演劇集団　円　公演　「Double　Tomorrow」,2060,吉祥寺シアター,2017,2017,,無し,,無し,,,なし
伝統文化を東京からアジアへ広げようプロジェクト（竹と竹で結ぶ・和のかけ橋）,2061,ホーチミン市食品工業大学,2016,2016,,有り,英語,無し,,,なし
バックステージツアー《舞台編》,2063,"東京文化会館 - 大ホール",2016,2016,,無し,,有り,バリアフリー対応施設,なし,なし
こどもの城合唱団コンサート　～こどもたちからのサウンドメッセージ～,2075,"渋谷区文化総合センター大和田 - さくらホール",2016,2016,,有り,英語,無し,,,なし
舞台手話通訳付き公演のモデル上演および撮影会,2078,"座・高円寺 - 座・高円寺 2",2016,2016,,有り,英語,無し,,,なし
劇団銅鑼公演ドラマファクトリーvol.10『短編集（仮）』　,2080,銅鑼アトリエ,2016,2016,,有り,英語,無し,,,なし
子どもたちによるヘアカット　子どもと大人の関係性を問い直すソーシャリー・エンゲイジド・アート（SEA）・プロジェクト　（仮称）,2086,東京ビューティーアート専門学校|東京未来大学こどもみらい園|アーツ千代田3331,2016,2016,,有り,英語,無し,,,なし
アール・ブリュット立川2016～こころが描くアート展～,2090,"伊勢丹 ‐ 立川店",2016,2016,,有り,英語,無し,,,あり・チラシ画像
オリジナル箏曲合奏プロジェクト,2093,都内区部|多摩地区,2016,2016,,有り,英語,無し,,,なし
“手話”で楽しむ能狂言鑑賞会,2094,十四世喜多六平太記念能楽堂（喜多能楽堂）,2016,2016,,有り,英語,無し,,,なし
"うたの住む家プロジェクト in 両国",2096,両国門天ホール,2016,2016,,有り,英語,無し,,,なし
清姫道成寺　̶　純愛か、狂愛か。̶,2098,シアターΧ,2015,2015,,有り,英語,無し,,,なし
"シニア劇団かんじゅく座第11回公演「ねこら！ 2017」",2100,中野ザ・ポケット,2016,2016,,有り,英語,無し,,,なし
ホスピタルシアタープロジェクト2016～インクルージブ・シアターへの誘い（仮）,2102,"シャロームみなみ風 ‐ 地域交流スペース",2016,2016,,有り,英語,無し,,,なし
インクルーシブ・ダンスの上演をコアとする連続的な「共創」のアートプログラム開発,2106,光が丘ＩＭＡホール|戸山サンライズ,2016,2016,,有り,英語,無し,,,なし
「アートとソーシャルデザイン」連続トーク＆フォーラム,2109,アーツ千代田3331,2016,2016,,有り,英語,無し,,,なし
障害を起点とした新しい価値を探るデザインプロセスの実践vol.1,2110,サウス・バイ・サウスウエスト（SXSW）,2016,2016,,有り,英語,無し,,,なし
"よむよむ・わくわく広場　in 足立区",2112,シアター1010,2016,2016,,有り,英語,無し,,,なし
アーティストと子どものエデュケア学校（仮）　,2115,,2015,2015,,有り,英語,無し,,,
バックステージツアー《舞台編》,2116,"東京文化会館 - 大ホール",2016,2016,,無し,,有り,バリアフリー対応施設,なし,なし
バックステージツアー《建築編》,2117,"東京文化会館 - 大ホール",2016,2016,,無し,,有り,バリアフリー対応施設,なし,なし
マエストロ・ビジット,2119,台東区立東泉小学校,2016,2016,,無し,,無し,,,なし
松沢病院（2016年12月15日）,2121,東京都立松沢病院,2016,2016,,無し,,無し,,なし,なし
バックステージツアー《建築編》,2122,"東京文化会館 - 大ホール",2016,2016,,無し,,有り,バリアフリー対応施設,なし,なし
バックステージツアー《建築編》,2124,"東京文化会館 - 大ホール",2016,2016,,無し,,有り,バリアフリー対応施設,なし,なし
バックステージツアー《建築編》,2125,"東京文化会館 - 大ホール",2016,2016,,無し,,有り,バリアフリー対応施設,なし,なし
葛尾小、川内小（2017年1月17日）,2127,葛尾村立葛尾小学校|川内村立川内小学校,2016,2016,,無し,,無し,,なし,なし
富岡第一・第二小、浪江中（2017年1月16日）,2130,富岡町立富岡第一小学校|浪江町立浪江中学校,2016,2016,,無し,,無し,,なし,なし
東大病院（2017年2月7日）,2133,東京大学医学部附属病院,2016,2016,,無し,,無し,,なし,なし
《弦楽四重奏》（2016年10月18日）,2136,"東京文化会館 - 大ホールホワイエ",2016,2016,,無し,,有り,バリアフリー対応施設,なし,なし
《アンサンブル》（2017年1月11日）,2137,"東京文化会館 - 大ホールホワイエ",2016,2016,,無し,,有り,バリアフリー対応施設,なし,なし
母島保育園（2017年2月13日）,2139,小笠原村立母島保育園,2016,2016,,無し,,無し,,なし,なし
花さと保育園（2017年2月18日）,2140,花さと保育園（荒川区）,2016,2016,,無し,,無し,,なし,なし
船戸幼稚園（2017年2月21日）,2141,船戸幼稚園（いわき）,2016,2016,,無し,,無し,,なし,なし
御厩保育所（2017年2月21日）,2142,御厩保育所（いわき）,2016,2016,,無し,,無し,,なし,なし
白土保育所（2017年2月21日）,2143,白土保育所（いわき）,2016,2016,,無し,,無し,,なし,なし
つくしんぼ保育園、なの花保育園（2017年3月14日）,2144,つくしんぼ保育園（日野市）|なの花保育園（江戸川区）,2016,2016,,無し,,無し,,なし,なし
小淀ホーム（2017年3月17日）,2145,小淀ホーム,2016,2016,,無し,,無し,,なし,なし
浅草寺病院（2017年3月18日）,2146,浅草寺病院,2016,2016,,無し,,無し,,なし,なし
しらさぎホーム（2017年3月20日）,2147,しらさぎホーム,2016,2016,,無し,,無し,,なし,なし
《金管五重奏》（2017年2月27日）,2150,"東京文化会館 - 大ホールホワイエ",2016,2016,,無し,,有り,バリアフリー対応施設,なし,なし
神津島,2161,神津島村立神津中学校体育館,2016,2016,,無し,,無し,,,なし
三宅島,2162,三宅村文化会館,2016,2016,,無し,,無し,,,なし
御蔵島,2163,御蔵島村立御蔵島小中学校体育館,2016,2016,,無し,,無し,,,なし
八丈島,2164,八丈町多目的ホール「おじゃれ」★重複,2016,2016,,無し,,無し,,,なし
青ヶ島,2165,青ヶ島村立青ヶ島小中学校多目的ホール,2016,2016,,無し,,無し,,,なし
母島,2166,小笠原村立母島小中学校体育館,2016,2016,,無し,,無し,,,なし
父島,2167,小笠原村地域福祉センター多目的ホール,2016,2016,,無し,,無し,,,なし
子供歌舞伎教室,2179,歌舞伎座,2016,2016,,無し,,無し,,,なし
坂本冬美特別公演★,2183,明治座,2016,2016,,無し,,無し,,,なし
あの大鴉さえも,2184,"東京芸術劇場 - シアターイースト",2016,2016,,無し,,無し,,,なし
１０月歌舞伎公演,2185,国立劇場,2016,2016,,無し,,無し,,,なし
ミス・サイゴン,2186,帝国劇場,2016,2016,,無し,,無し,,,なし
一人二役,2187,シアタークリエ,2016,2016,,無し,,無し,,,なし
祇園の姉妹,2188,明治座,2016,2016,,無し,,無し,,,なし
三婆,2189,新橋演舞場,2016,2016,,無し,,無し,,,なし
ミス・サイゴン,2190,帝国劇場,2016,2016,,無し,,無し,,,なし
舟木一夫特別公演,2191,新橋演舞場,2016,2016,,無し,,無し,,,なし
12月歌舞伎公演,2192,国立劇場,2016,2016,,無し,,無し,,,なし
ロミオとジュリエット,2193,"東京芸術劇場 - プレイハウス",2016,2016,,無し,,有り,バリアフリー対応施設,,なし
プリシラ,2194,日生劇場,2016,2016,,無し,,無し,,,なし
十二月大歌舞伎,2195,歌舞伎座,2016,2016,,無し,,無し,,,なし
新春浅草歌舞伎,2196,浅草公会堂,2016,2016,,無し,,無し,,,なし
華岡青洲の妻,2197,三越劇場,2016,2016,,無し,,無し,,,なし
フランケンシュタイン,2198,日生劇場,2016,2016,,無し,,無し,,,なし
お気に召すまま,2199,シアタークリエ,2016,2016,,無し,,無し,,,なし
二月喜劇名作公演,2200,新橋演舞場,2016,2016,,無し,,無し,,,なし
ビッグフィッシュ,2201,日生劇場,2016,2016,,無し,,無し,,,なし
細雪,2202,明治座,2016,2016,,無し,,無し,,,なし
コメディトゥナイト,2210,新橋演舞場,2016,2016,,無し,,無し,,,なし
３月歌舞伎公演,2211,国立劇場,2016,2016,,無し,,無し,,,なし
マリウス,2212,日生劇場,2016,2016,,無し,,無し,,,なし
SAKURA,2213,明治座,2016,2016,,無し,,無し,,,なし
キューティーブロンド,2214,シアタークリエ,2016,2016,,無し,,無し,,,なし
四月大歌舞伎,2215,歌舞伎座,2016,2016,,無し,,無し,,,なし
紳士のための愛と殺人の手引き,2216,日生劇場,2016,2016,,無し,,無し,,,なし
ハムレット,2217,"東京芸術劇場 - プレイハウス",2016,2016,,無し,,無し,,,なし
展示,2219,"都立中央図書館 - 4F 多目的ホール",2016,2016,,無し,,無し,,なし,なし
アール・ブリュット展,2221,"東京国際フォーラム - ガラス棟 ロビーギャラリー",2016,2016,,無し,,無し,,,あり・チラシ画像
"ヘブンアーティストIN TOKYO",2224,上野恩賜公園（上野公園）,2016,2016,,無し,,無し,,,あり・チラシ画像
ヘブンアーティストIN渋谷,2226,"渋谷道玄坂|文化村通り|渋谷109前|渋谷マークシティ|渋谷中央街 - ウェーブの広場",2016,2016,,無し,,無し,,,あり・チラシ画像
三茶de大道芸,2232,茶沢通り,2016,2016,,無し,,無し,,,あり・チラシ画像
"創遊・楽落らいぶVol. 35",2237,"東京文化会館 - 小ホール",2016,2016,,無し,,有り,バリアフリー対応施設,なし,なし
"創遊・楽落らいぶVol. 36",2238,"東京文化会館 - 小ホール",2016,2016,,無し,,有り,バリアフリー対応施設,なし,なし
"創遊・楽落らいぶVol. 37",2239,"東京文化会館 - 小ホール",2016,2016,,無し,,有り,障害者も参加可能なワークショップ,なし,なし
受け継がれてゆく伝統の八王子車人形,2244,"八幡八雲神社（八王子市） - 神楽殿",2016,2016,,有り,英語|中国語簡体字|中国語繁体字|韓国語,無し,,公認プログラム,あり・その他画像
とんとんむかし話,2247,"八幡八雲神社（八王子市） - 参集殿",2016,2016,,有り,英語|中国語簡体字|中国語繁体字|韓国語,無し,,公認プログラム,なし
伝統の美～舞と響～,2249,"八王子繊維貿易館 - 講堂",2016,2016,,有り,英語|中国語簡体字|中国語繁体字|韓国語,無し,,公認プログラム,なし
和・染物体験　～今も生きる古き良き伝統を体験しよう！～,2252,染色工房藤本染工芸,2016,2016,,有り,英語|中国語簡体字|中国語繁体字|韓国語,無し,,公認プログラム,なし
江戸時代のアニメーション「影絵（写し絵）」影絵（写し絵）公演とワークショップ,2254,"安榮山明王院 福傳寺",2016,2016,,有り,英語|中国語簡体字|中国語繁体字|韓国語,無し,,公認プログラム,なし
本町連合町会山車,2258,"いちょうホール（八王子市芸術文化会館） - エントランス",2016,2016,,有り,英語|中国語簡体字|中国語繁体字|韓国語,無し,,公認プログラム,あり・その他画像
スマートフォンで歴史を知ろう！,2261,JR八王子駅周辺,2016,2016,,有り,英語|中国語簡体字|中国語繁体字|韓国語,無し,,公認プログラム,なし
総合受付（11月27日）,2262,"「伝承のたまてばこ～多摩伝統文化フェスティバル2016～」 総合受付",2016,2016,,有り,英語|中国語簡体字|中国語繁体字|韓国語,無し,,公認プログラム,なし
スタンプラリー（11月27日）,2263,"「伝承のたまてばこ～多摩伝統文化フェスティバル2016～」 総合受付",2016,2016,,有り,英語|中国語簡体字|中国語繁体字|韓国語,無し,,公認プログラム,なし
ユーロード（11月26日）,2264,西放射線ユーロード,2016,2016,,有り,英語|中国語簡体字|中国語繁体字|韓国語,無し,,公認プログラム,なし
人力車による“お練り”（11月26日）,2266,"西放射線ユーロード - 入り口（北口ゲート）|横山町公園（八王子市） - 屋外ステージ",2016,2016,,有り,英語|中国語簡体字|中国語繁体字|韓国語,無し,,公認プログラム,なし
聴いてみよう、日本の音　八王子祭囃子,2268,"中町公園（八王子市） - 屋外ステージ",2016,2016,,有り,英語|中国語簡体字|中国語繁体字|韓国語,無し,,公認プログラム,あり・その他画像
“桐”と“竹”音色七色,2269,"中町公園（八王子市） - 屋外ステージ",2016,2016,,有り,英語|中国語簡体字|中国語繁体字|韓国語,無し,,公認プログラム,なし
八王子芸妓衆の華と粋,2270,"中町公園（八王子市） - 屋外ステージ",2016,2016,,有り,英語|中国語簡体字|中国語繁体字|韓国語,無し,,公認プログラム,あり・その他画像
受け継がれてゆく伝統の八王子車人形,2271,"八幡八雲神社（八王子市） - 神楽殿",2016,2016,,有り,英語|中国語簡体字|中国語繁体字|韓国語,無し,,公認プログラム,あり・その他画像
“桐”と“竹”音色七色,2273,"横山町公園（八王子市） - 屋外ステージ",2016,2016,,有り,英語|中国語簡体字|中国語繁体字|韓国語,無し,,公認プログラム,なし
ナイト・ミニ・コンサート,2274,国立西洋美術館ー講堂,2016,2016,,無し,,無し,,なし,なし
ちょっと小粋にまちめぐり！人力車・昭和レトロ探し,2278,横山町公園（八王子市）|駅前銀座通り（八王子市）|西放射線ユーロード|ゆき乃恵（八王子市）|すず香（八王子市）,2016,2016,,有り,英語|中国語簡体字|中国語繁体字|韓国語,無し,,公認プログラム,なし
“桐”と“竹”音色七色,2279,"八幡八雲神社（八王子市） - 神楽殿",2016,2016,,有り,英語|中国語簡体字|中国語繁体字|韓国語,無し,,公認プログラム,なし
リハーサル室、鑑賞室、東京芸術劇場リハーサル室、文京シビックセンター　他,2281,"東京文化会館 - リハーサル室|東京文化会館 - 鑑賞室|文京シビックセンター|東京芸術劇場 - リハーサル室",2016,2016,,無し,,無し,,なし,なし
和・染物体験　～今も生きる古き良き伝統を体験しよう！～,2282,染色工房藤本染工芸,2016,2016,,有り,英語|中国語簡体字|中国語繁体字|韓国語,無し,,公認プログラム,なし
江戸時代のアニメーション「影絵（写し絵）」種板をつくろうワークショップ＆ミニ公演,2283,"安榮山明王院 福傳寺",2016,2016,,有り,英語|中国語簡体字|中国語繁体字|韓国語,無し,,公認プログラム,なし
本町連合町会山車,2288,"いちょうホール（八王子市芸術文化会館） - エントランス",2016,2016,,有り,英語|中国語簡体字|中国語繁体字|韓国語,無し,,公認プログラム,あり・その他画像
東京都立八王子特別支援学校（2016年10月11日）,2289,東京都立八王子特別支援学校,2016,2016,,無し,,無し,,なし,なし
スマートフォンで歴史を知ろう！,2290,JR八王子駅周辺,2016,2016,,有り,英語|中国語簡体字|中国語繁体字|韓国語,無し,,公認プログラム,なし
総合受付（11月26日）,2291,"「伝承のたまてばこ～多摩伝統文化フェスティバル2016～」 総合受付",2016,2016,,有り,英語|中国語簡体字|中国語繁体字|韓国語,無し,,公認プログラム,なし
スタンプラリー（11月26日）,2292,"「伝承のたまてばこ～多摩伝統文化フェスティバル2016～」 総合受付",2016,2016,,有り,英語|中国語簡体字|中国語繁体字|韓国語,無し,,公認プログラム,なし
ユーロード（11月27日）,2293,西放射線ユーロード,2016,2016,,有り,英語|中国語簡体字|中国語繁体字|韓国語,無し,,公認プログラム,なし
人力車による“お練り”（11月27日）,2294,"西放射線ユーロード - 入り口（北口ゲート）|横山町公園（八王子市） - 屋外ステージ",2016,2016,,有り,英語|中国語簡体字|中国語繁体字|韓国語,無し,,公認プログラム,なし
"UENO WELCOME PASSPORT",2297,"東京国立博物館|国立科学博物館|国立西洋美術館|東京都恩賜上野動物園|旧岩崎邸庭園　|東京都美術館|台東区立下町風俗資料館|台東区立朝倉彫塑館|台東区立書道博物館|上野の森美術館|東京藝術大学大学美術館|東京文化会館|国立国会図書館 - 国際子ども図書館|国立近現代建築資料館",2016,2016,,有り,英語|中国語簡体字|中国語繁体字|韓国語,無し,,なし,なし
鑑賞室,2312,"東京文化会館 - 鑑賞室",2016,2016,,無し,,有り,バリアフリー対応施設,なし,なし
"めざせ！おんがく忍者！ 1）3歳～4歳（2016年11月20日）",2314,"東京文化会館 - 大リハーサル室",2016,2016,,無し,,無し,,なし,あり・チラシ画像
TOKYO数寄フェス,2316,"上野恩賜公園  - 不忍池（ボート池）|上野恩賜公園 - 噴水広場 東側|上野恩賜公園 - 弁天堂（不忍池）|上野恩賜公園 - 噴水広場|国立西洋美術館 - 地下2階講堂|東京藝術大学 - 奏楽堂|国立西洋美術館 - 前庭|東京藝術大学 - 美術学部 中央棟 第1講義室|国立科学博物館|東京藝術大学|東京都美術館|東京都恩賜上野動物園|東京都恩賜上野動物園 - 東園 動物慰霊碑横テント",2016,2016,,有り,英語,有り,バリアフリー対応施設,なし,なし
上野夜公園,2327,"上野恩賜公園  - 不忍池（ボート池）",2016,2016,,有り,英語|中国語簡体字|中国語繁体字|韓国語,無し,,なし,なし
文化との出合いを感動に変えるプロフェッショナル」日本屈指の文化施設で働くプロフェッショナルたちのトークセッション,2328,"国立科学博物館 - コンパス|東京都美術館 - 交流棟 2F アートスタディルーム|東京国立博物館 - 東洋館",2016,2016,,有り,英語|中国語簡体字|中国語繁体字|韓国語,有り,バリアフリー対応施設,なし,なし
地域連携プログラム,2331,"東京国立博物館|国立国会図書館 - 国際子ども図書館|東京文化会館 - 大会議室|旧平櫛田中邸|谷中エリア|上野恩賜公園（上野公園）",2016,2016,,有り,英語|中国語簡体字|中国語繁体字|韓国語,無し,,なし,なし
"めざせ！おんがく忍者！ 2）5歳～6歳（2016年11月20日）",2334,"東京文化会館 - 大リハーサル室",2016,2016,,無し,,無し,,なし,あり・チラシ画像
"Music Clock 3）一般（2016年11月20日）",2335,"東京文化会館 - 大リハーサル室",2016,2016,,無し,,無し,,なし,あり・チラシ画像
"旅するヨーロッパ 1）6ヶ月～18ヶ月（2017年2月26日）",2337,"東京文化会館 - 大リハーサル室",2016,2016,,無し,,無し,,なし,あり・チラシ画像
"旅するヨーロッパ 2）19ヶ月～35ヶ月（2017年2月26日）",2338,"東京文化会館 - 大リハーサル室",2016,2016,,無し,,無し,,なし,あり・チラシ画像
"カラダ・オト・ウタウ 3）小学生～大人（未就学児不可）（2017年2月26日）",2339,"東京文化会館 - 大リハーサル室",2016,2016,,無し,,無し,,なし,あり・チラシ画像
"開館90周年記念フォーラム 創造と共生の場を求めて──美術館の歴史と未来",2358,"東京都美術館 - 講堂",2016,2016,,無し,,有り,バリアフリー対応施設,,あり・チラシ画像
"開館90周年記念 アーカイブズ資料展示 造形講座と東京都美術館",2360,"東京都美術館 - 佐藤慶太郎記念アートラウンジ",2016,2016,,無し,,有り,バリアフリー対応施設,,あり・チラシ画像
【特別展】ティツィアーノとヴェネツィア派展,2363,"東京都美術館 – 1F 企画展示室|東京都美術館 – LBF 企画展示室|東京都美術館 – 2F 企画展示室",2016,2016,,有り,英語|中国語簡体字|中国語繁体字|韓国語,有り,バリアフリー対応施設,なし,あり・チラシ画像
鑑賞用ツールの制作と提供（ジュニアガイドなど）,2366,東京都美術館,2016,2016,,無し,,有り,バリアフリー対応施設,,あり・その他画像
とびらボードの貸出し　,2368,東京都美術館,2016,2016,,無し,,有り,バリアフリー対応施設,なし,なし
とびラーなど学び合いの環境整備,2369,東京都美術館,2016,2016,,無し,,有り,バリアフリー対応施設,,なし
建築ツアーの開催,2370,東京都美術館,2016,2016,,無し,,有り,バリアフリー対応施設,なし,なし
ギャラリートーク・アーティストトークの実施,2371,東京都美術館,2016,2016,,無し,,有り,バリアフリー対応施設,なし,なし
障害のある方のための特別鑑賞会,2374,東京都美術館,2016,2016,,無し,,有り,バリアフリー対応施設,なし,なし
"金井 学",2375,トーキョーアーツアンドスペースレジデンシー,2017,2017,,有り,英語,無し,,,なし
"【連携展】都美セレクション 新鋭美術家 2017",2376,"東京都美術館 – B2F ギャラリーC",2016,2016,,有り,英語|中国語簡体字|中国語繁体字|韓国語,有り,バリアフリー対応施設,,あり・チラシ画像
"金 瑞姫",2383,トーキョーアーツアンドスペースレジデンシー,2017,2017,,有り,英語,無し,,なし,なし
"田中 英行",2384,トーキョーアーツアンドスペースレジデンシー,2017,2017,,有り,英語,無し,,なし,なし
"鎌田 友介",2385,トーキョーアーツアンドスペースレジデンシー,2017,2017,,有り,英語,無し,,なし,なし
ミヤギフトシ,2386,トーキョーアーツアンドスペースレジデンシー,2017,2017,,有り,英語,無し,,なし,なし
"水木 塁",2387,トーキョーアーツアンドスペースレジデンシー,2017,2017,,有り,英語,無し,,なし,なし
ジェローム・ブシャール,2388,トーキョーアーツアンドスペースレジデンシー,2017,2017,,有り,英語,無し,,なし,なし
イ・スヨン,2389,トーキョーアーツアンドスペースレジデンシー,2017,2017,,有り,英語,無し,,なし,なし
ジル・アディソン,2390,トーキョーアーツアンドスペースレジデンシー,2017,2017,,有り,英語,無し,,なし,なし
建物公開展「アール・デコの花弁　旧朝香宮邸の室内空間」,2391,"東京都庭園美術館 - 本館（旧朝香宮邸）",2017,2017,,有り,英語|中国語簡体字|中国語繁体字|韓国語|その他,有り,バリアフリー対応施設,なし,あり・チラシ画像
マーティン・エブナー,2392,トーキョーアーツアンドスペースレジデンシー,2017,2017,,有り,英語,無し,,なし,なし
シモ・ケロクンプ,2393,トーキョーアーツアンドスペースレジデンシー,2017,2017,,有り,英語,無し,,なし,なし
ヒュー・デイヴィーズ,2394,トーキョーアーツアンドスペースレジデンシー,2017,2017,,有り,英語,無し,,なし,なし
第１回,2396,"東京都庭園美術館 - 新館 ギャラリー2",2017,2017,,無し,英語|中国語簡体字|中国語繁体字|韓国語|その他,有り,バリアフリー対応施設,なし,なし
第２回,2397,"東京都庭園美術館 - 新館 ギャラリー2",2017,2017,,無し,英語|中国語簡体字|中国語繁体字|韓国語|その他,有り,バリアフリー対応施設,なし,なし
第３回,2398,"東京都庭園美術館 - 新館 ギャラリー2",2017,2017,,無し,英語|中国語簡体字|中国語繁体字|韓国語|その他,有り,バリアフリー対応施設,なし,なし
第４回,2399,"東京都庭園美術館 - 新館 ギャラリー2",2017,2017,,無し,英語|中国語簡体字|中国語繁体字|韓国語|その他,有り,バリアフリー対応施設,なし,なし
第５回,2400,"東京都庭園美術館 - 本館（旧朝香宮邸）大広間",2017,2017,,無し,英語|中国語簡体字|中国語繁体字|韓国語|その他,有り,バリアフリー対応施設,なし,なし
あいうえのファミリー（こどもと家族のプログラム）,2406,東京都美術館,2016,2016,,無し,,有り,バリアフリー対応施設,,なし
あいうえの学校（学校向けプログラム）スペシャルマンデーコース,2407,東京都美術館,2016,2016,,無し,,有り,バリアフリー対応施設,,なし
"あいうえの学校　(学校向けプログラム) 平日開館コース",2408,東京都美術館,2016,2016,,無し,,有り,バリアフリー対応施設,,なし
あいうえのメンバー向けプログラム,2409,"東京都美術館 - 交流棟 2F アートスタディルーム",2016,2016,,無し,,有り,バリアフリー対応施設,,なし
学びあいカフェ,2410,東京都美術館,2016,2016,,無し,,有り,バリアフリー対応施設,,なし
教員向け研修プログラムの実施,2411,東京都美術館,2016,2016,,無し,,有り,バリアフリー対応施設,,なし
学校団体来館の対応（免除申請・電話相談・当日対応）,2412,東京都美術館,2016,2016,,無し,,有り,バリアフリー対応施設,,なし
展覧会関連参加型プログラムの実施,2413,東京都美術館,2016,2016,,無し,,有り,バリアフリー対応施設,,なし
⑥上野「文化の杜」新構想への参画（レクチャー、ワークショップ等）,2414,東京都美術館,2016,2016,,無し,,有り,バリアフリー対応施設,,なし
【ゴッホとゴーギャン展】特別展関連講演会,2415,"東京都美術館 - 講堂",2016,2016,,有り,英語|中国語簡体字|中国語繁体字|韓国語,有り,バリアフリー対応施設,,なし
【ティツィアーノとヴェネツィア派展】特別展関連講演会,2416,"東京都美術館 - 講堂",2016,2016,,有り,英語|中国語簡体字|中国語繁体字|韓国語,有り,バリアフリー対応施設,,なし
"【TOKYO 書 2017 公募団体の今】特別展関連講演会",2417,"東京都美術館 – LBF 第1公募展示室|東京都美術館 – LBF 第2公募展示室|東京都美術館 - LBF 企画棟ホワイエ",2016,2016,,有り,英語|中国語簡体字|中国語繁体字|韓国語,有り,バリアフリー対応施設,,なし
"【都美セレクション 新鋭美術家 2017】特別展関連講演会",2418,"東京都美術館 – B2F ギャラリーC",2016,2016,,有り,英語|中国語簡体字|中国語繁体字|韓国語,有り,バリアフリー対応施設,,なし
チュム・チャンヴェスナ,2421,トーキョーアーツアンドスペースレジデンシー,2017,2017,,有り,英語,無し,,なし,なし
カアン・ミュジデジ,2422,トーキョーアーツアンドスペースレジデンシー,2017,2017,,有り,英語,無し,,なし,なし
プラパット・ジワランサン,2423,トーキョーアーツアンドスペースレジデンシー,2017,2017,,有り,英語,無し,,なし,なし
ミシェル・ユノー,2424,トーキョーアーツアンドスペースレジデンシー,2017,2017,,有り,英語,無し,,なし,なし
ヴィクター・ワン,2425,トーキョーアーツアンドスペースレジデンシー,2017,2017,,有り,英語,無し,,なし,なし
カリ・コンテ,2426,トーキョーアーツアンドスペースレジデンシー,2017,2017,,有り,英語,無し,,なし,なし
クゥワイ・サムナン,2427,トーキョーアーツアンドスペースレジデンシー,2017,2017,,有り,英語,無し,,なし,なし
バーバック・ハシェミ＝ネジャド,2428,トーキョーアーツアンドスペースレジデンシー,2017,2017,,有り,英語,無し,,なし,なし
ヘザー・B・スワン,2430,トーキョーアーツアンドスペースレジデンシー,2017,2017,,有り,英語,無し,,なし,なし
"鑑賞プログラム BLUE STAGE",2431,"代々木公園 - 屋外ステージ",2016,2016,,有り,英語|中国語簡体字|中国語繁体字|韓国語,無し,,なし,なし
"SHIBUYA STREET SHOW",2433,"渋谷マークシティ - イーストモール1階 イベントスクエア",2016,2016,,有り,英語|中国語簡体字|中国語繁体字|韓国語,無し,,なし,あり・その他画像
リス・ビヤルバ,2435,トーキョーアーツアンドスペースレジデンシー,2017,2017,,有り,英語,無し,,なし,なし
ハカン・トパル,2437,トーキョーアーツアンドスペースレジデンシー,2017,2017,,有り,英語,無し,,なし,なし
第６回,2438,"東京都庭園美術館 - 本館（旧朝香宮邸）大広間",2017,2017,,無し,英語|中国語簡体字|中国語繁体字|韓国語|その他,有り,バリアフリー対応施設,なし,なし
第７回,2439,"東京都庭園美術館 - 本館（旧朝香宮邸）大広間",2017,2017,,無し,英語|中国語簡体字|中国語繁体字|韓国語|その他,有り,バリアフリー対応施設,なし,なし
"SSDW CONTEST 高校生対抗ストリートダンス選手権",2440,"代々木公園 - 野外ステージ",2016,2016,,有り,英語|中国語簡体字|中国語繁体字|韓国語,無し,,なし,なし
第８回,2441,"東京都庭園美術館 - 本館（旧朝香宮邸）大広間",2017,2017,,無し,英語|中国語簡体字|中国語繁体字|韓国語|その他,有り,バリアフリー対応施設,なし,なし
広瀬菜々&永谷一馬,2443,トーキョーアーツアンドスペースレジデンシー,2017,2017,,有り,英語,無し,,なし,なし
"DANCE WITH music フラッシュモブ",2444,"代々木公園 - 野外ステージ",2016,2016,,有り,英語|中国語簡体字|中国語繁体字|韓国語,無し,,なし,あり・その他画像
メタシトゥ（エドゥアルド・カッシーナ＆リヴァ・デュダレヴァ）,2454,トーキョーアーツアンドスペースレジデンシー,2017,2017,,有り,英語,無し,,なし,なし
ダニエル・シュワルツ,2455,トーキョーアーツアンドスペースレジデンシー,2017,2017,,有り,英語,無し,,なし,なし
特別展「江戸と北京」関連講座③日本に招来された清朝陶磁器,2457,"東京都江戸東京博物館 - 1F 貸出施設 会議室|東京都江戸東京博物館 - 1F 貸出施設 大ホール",2016,2016,,無し,,有り,バリアフリー対応施設,なし,なし
ホ・テウォン,2458,トーキョーアーツアンドスペースレジデンシー,2017,2017,,有り,英語,無し,,なし,なし
マリエット・オヴレ,2459,トーキョーアーツアンドスペースレジデンシー,2017,2017,,有り,英語,無し,,なし,なし
バルバラ・クエト,2461,トーキョーアーツアンドスペースレジデンシー,2017,2017,,有り,英語,無し,,なし,なし
セイット・バタル・クルト,2462,トーキョーアーツアンドスペースレジデンシー,2017,2017,,有り,英語,無し,,なし,なし
"LECTURE SPOT プロダンサーによる様々なジャンルのダンスワークショップ",2463,"代々木公園 - イベント広場",2016,2016,,有り,英語|中国語簡体字|中国語繁体字|韓国語,無し,,なし,なし
ステファニー・ガウス＆ヤナ・エスク,2464,トーキョーアーツアンドスペースレジデンシー,2017,2017,,有り,英語,無し,,なし,なし
"BATTLE PARK ジャンル別チームトーナメントダンスバトル",2466,"代々木公園 - けやき並木",2016,2016,,有り,英語|中国語簡体字|中国語繁体字|韓国語,無し,,なし,なし
神無月茶席（2016年10月1日）,2470,,2016,2016,,無し,,有り,バリアフリー対応施設,なし,なし
"TALK SHOW 渋谷とダンスをキーワードにしたトークショー",2471,"studio mission（渋谷区）",2016,2016,,有り,英語|中国語簡体字|中国語繁体字|韓国語,無し,,なし,あり・その他画像
南千住散歩（2016年11月6日）,2473,東京都江戸東京博物館,2016,2016,,無し,,無し,,なし,なし
"COMMUNICATION BOOTH ストリートダンスを教育や社会奉仕活動に取り入れている団体を紹介",2477,"代々木公園 - イベント広場",2016,2016,,有り,英語|中国語簡体字|中国語繁体字|韓国語,無し,,なし,なし
歌舞伎の化粧をしてみよう（大人向け）（2016年11月12日）,2478,東京都江戸東京博物館,2016,2016,,無し,,有り,バリアフリー対応施設,なし,なし
クリスマスミニリースをつくろう（2016年11月12日）,2479,東京都江戸東京博物館,2016,2016,,無し,,有り,バリアフリー対応施設,なし,なし
紙独楽を作ろう（2016年11月19日）,2480,東京都江戸東京博物館,2016,2016,,無し,,有り,バリアフリー対応施設,なし,なし
万華鏡で遊ぼう（2016年11月26日）,2481,東京都江戸東京博物館,2016,2016,,無し,,有り,バリアフリー対応施設,なし,なし
ぽち袋を摺ろう（2016年11月27日）,2483,東京都江戸東京博物館,2016,2016,,無し,,有り,バリアフリー対応施設,なし,なし
師走茶席（2016年12月3日）,2484,東京都江戸東京博物館,2016,2016,,無し,,有り,バリアフリー対応施設,なし,なし
和算パズル・反古紙で小物を作ろう。（2016年12月3日）,2485,東京都江戸東京博物館,2016,2016,,無し,,有り,バリアフリー対応施設,なし,なし
"【特別展】  ティツィアーノとヴェネツィア派展",2486,"東京都美術館 – 1F 企画展示室|東京都美術館 – 2F 企画展示室|東京都美術館 – LBF 企画展示室",2017,2017,,有り,英語|中国語簡体字|中国語繁体字|韓国語,有り,バリアフリー対応施設,,あり・チラシ画像
和算パズル・反古紙で小物を作ろう（2017年1月7日）,2487,東京都江戸東京博物館,2016,2016,,無し,,有り,バリアフリー対応施設,なし,なし
扇子遊びをしましょう（2017年1月21日）,2489,東京都江戸東京博物館,2016,2016,,無し,,有り,バリアフリー対応施設,なし,なし
歌舞伎の鳴り物をならしてみよう（2017年1月21日）,2490,東京都江戸東京博物館,2016,2016,,無し,,有り,バリアフリー対応施設,なし,なし
ときめきキモノ体験（2017年1月28日）,2494,東京都江戸東京博物館,2016,2016,,無し,,有り,バリアフリー対応施設,なし,なし
鬼の面を作ろう（2017年1月29日）,2498,東京都江戸東京博物館,2016,2016,,無し,,有り,バリアフリー対応施設,なし,なし
如月茶席（2017年2月4日）,2501,東京都江戸東京博物館,2016,2016,,無し,,有り,バリアフリー対応施設,なし,なし
ときめきキモノ体験（2017年2月25日）,2504,東京都江戸東京博物館,2016,2016,,無し,,有り,バリアフリー対応施設,なし,なし
立版古講座「浮世絵を組み立てよう」（2017年2月26日）,2505,東京都江戸東京博物館,2016,2016,,無し,,有り,バリアフリー対応施設,なし,なし
歌舞伎の化粧をしてみよう(大人向け）（2017年3月4日）,2506,東京都江戸東京博物館,2016,2016,,無し,,有り,バリアフリー対応施設,なし,なし
飛鳥山・王子の名所（などころ）散歩（2017年3月12日）,2507,東京都江戸東京博物館,2016,2016,,無し,,無し,,なし,なし
万華鏡で遊ぼう（2017年3月18日）,2509,東京都江戸東京博物館,2016,2016,,無し,,有り,バリアフリー対応施設,なし,なし
ときめきキモノ体験（2016年11月27日）,2513,東京都江戸東京博物館,2016,2016,,無し,,有り,バリアフリー対応施設,なし,なし
関東大震災（2016年9月23日）,2517,"東京都江戸東京博物館 - 5F 常設展示室",2016,2016,,無し,,有り,バリアフリー対応施設,なし,なし
"【特別展】  ボイマンス美術館所蔵 ブリューゲル「バベルの塔」展  16世紀ネーデルラントの至宝─ボスを超えて─",2519,"東京都美術館 – 1F 企画展示室|東京都美術館 – 2F 企画展示室|東京都美術館 – LBF 企画展示室",2017,2017,,有り,英語|中国語簡体字|中国語繁体字|韓国語,有り,バリアフリー対応施設,,あり・チラシ画像
ロロいつ高シリーズ2017,2523,こまばアゴラ劇場,2015,2015,,無し,,無し,,,なし
日本・パレスチナ共同創作「またさぶろう」,2528,,2015,2015,,無し,,無し,,,なし
関東大震災（2016年9月30日）,2529,"東京都江戸東京博物館 - 5F 常設展示室",2016,2016,,無し,,有り,バリアフリー対応施設,なし,なし
文化都市江戸（2016年10月7日）,2530,"東京都江戸東京博物館 - 5F 常設展示室",2016,2016,,無し,,有り,バリアフリー対応施設,なし,なし
文化都市江戸（2016年10月14日）,2533,"東京都江戸東京博物館 - 5F 常設展示室",2016,2016,,無し,,有り,バリアフリー対応施設,なし,なし
世界最大級の寺社フェス「向源」,2534,,2015,2015,,無し,,無し,,,なし
文明開化東京（2016年10月21日）,2535,"東京都江戸東京博物館 - 5F 常設展示室",2016,2016,,無し,,有り,バリアフリー対応施設,なし,なし
文明開化東京（2016年10月28日）,2536,"東京都江戸東京博物館 - 5F 常設展示室",2016,2016,,無し,,有り,バリアフリー対応施設,なし,なし
現代の東京（2016年11月4日）,2537,"東京都江戸東京博物館 - 5F 常設展示室",2016,2016,,無し,,有り,バリアフリー対応施設,なし,なし
現代の東京（2016年11月11日）,2538,"東京都江戸東京博物館 - 5F 常設展示室",2016,2016,,無し,,有り,バリアフリー対応施設,なし,なし
"企画展「市民からのおくりもの 2016－平成27年度 新収蔵品から－」展みどころ（2016年11月18日）",2539,"東京都江戸東京博物館 - 5F 常設展示室",2016,2016,,無し,,有り,バリアフリー対応施設,なし,なし
"企画展「市民からのおくりもの 2016－平成27年度 新収蔵品から－」展みどころ（2016年11月25日）",2540,"東京都江戸東京博物館 - 5F 常設展示室",2016,2016,,無し,,有り,バリアフリー対応施設,なし,なし
モダン東京（2016年12月2日）,2541,"東京都江戸東京博物館 - 5F 常設展示室",2016,2016,,無し,,有り,バリアフリー対応施設,なし,なし
モダン東京（2016年12月9日）,2543,"東京都江戸東京博物館 - 5F 常設展示室",2016,2016,,無し,,有り,バリアフリー対応施設,なし,なし
出版と情報（2016年12月16日）,2544,"東京都江戸東京博物館 - 5F 常設展示室",2016,2016,,無し,,有り,バリアフリー対応施設,なし,なし
出版と情報（2016年12月23日）,2545,"東京都江戸東京博物館 - 5F 常設展示室",2016,2016,,無し,,有り,バリアフリー対応施設,なし,なし
江戸の商業（2017年1月6日）,2546,"東京都江戸東京博物館 - 5F 常設展示室",2016,2016,,無し,,有り,バリアフリー対応施設,なし,なし
店めぐり・古典芸能ライブ,2547,緑香園|離島キッチン|THEGLEE|神楽坂モノガタリ,2017,2017,,有り,英語,無し,,なし,あり・チラシ画像|あり・その他画像
能楽　謡・仕舞,2552,梅若能楽学院会館,2016,2016,,有り,英語|中国語簡体字|中国語繁体字|韓国語,無し,,,あり・チラシ画像
"【特別展】  ボストン美術館の至宝展──東西の名品、珠玉のコレクション",2556,"東京都美術館 – 1F 企画展示室|東京都美術館 – 2F 企画展示室|東京都美術館 – LBF 企画展示室",2017,2017,,有り,英語|中国語簡体字|中国語繁体字|韓国語,有り,バリアフリー対応施設,,あり・チラシ画像
"【特別展】  ゴッホ展 巡りゆく日本の夢",2558,"東京都美術館 – 1F 企画展示室|東京都美術館 – 2F 企画展示室|東京都美術館 – LBF 企画展示室",2017,2017,,有り,英語|中国語簡体字|中国語繁体字|韓国語,有り,バリアフリー対応施設,,あり・チラシ画像
神楽坂路上界隈,2559,神楽坂界隅（神楽坂路上界隅）,2017,2017,,有り,英語,無し,,なし,あり・チラシ画像|あり・その他画像
能楽　狂言,2562,梅若能楽学院会館,2016,2016,,有り,英語|中国語簡体字|中国語繁体字|韓国語,無し,,,あり・チラシ画像
能楽　発表会,2563,宝生能楽堂,2016,2016,,有り,英語|中国語簡体字|中国語繁体字|韓国語,無し,,,あり・チラシ画像
第９回,2565,"東京都庭園美術館 - 新館 ギャラリー2",2017,2017,,無し,英語|中国語簡体字|中国語繁体字|韓国語|その他,有り,バリアフリー対応施設,なし,なし
第１０回,2568,"東京都庭園美術館 - 新館 ギャラリー2",2017,2017,,無し,英語|中国語簡体字|中国語繁体字|韓国語|その他,有り,バリアフリー対応施設,なし,なし
長唄　三味線（低学年）,2570,杵家会館,2016,2016,,有り,英語|中国語簡体字|中国語繁体字|韓国語,無し,,,あり・チラシ画像
"【特別展】  ティツィアーノとヴェネツィア派展",2572,"東京都美術館 – 1F 企画展示室|東京都美術館 – 2F 企画展示室|東京都美術館 – LBF 企画展示室",2017,2017,,有り,英語|中国語簡体字|中国語繁体字|韓国語,有り,バリアフリー対応施設,,あり・チラシ画像
茶室披き及び第1回茶会,2574,"東京都庭園美術館 - 庭園 茶室 「光華」広間",2017,2017,,有り,英語,有り,バリアフリー対応施設,なし,あり・その他画像
長唄　三味線（中学年以上）,2576,杵家会館,2016,2016,,有り,英語|中国語簡体字|中国語繁体字|韓国語,無し,,,あり・チラシ画像
長唄　囃子（篠笛）,2577,杵家会館,2016,2016,,有り,英語|中国語簡体字|中国語繁体字|韓国語,無し,,,あり・チラシ画像
第2回茶会,2578,"東京都庭園美術館 - 庭園 茶室 「光華」広間",2017,2017,,有り,英語,有り,バリアフリー対応施設,なし,あり・その他画像
長唄　囃子（小鼓・太鼓）,2579,杵家会館,2016,2016,,有り,英語|中国語簡体字|中国語繁体字|韓国語,無し,,,あり・チラシ画像
三曲　箏曲（低学年）,2580,新宿文化センター,2016,2016,,有り,英語|中国語簡体字|中国語繁体字|韓国語,無し,,,あり・チラシ画像
江戸の商業（2017年1月13日）,2582,"東京都江戸東京博物館 - 5F 常設展示室",2016,2016,,無し,,有り,バリアフリー対応施設,なし,なし
三曲　箏曲（中学年以上）,2583,新宿文化センター,2016,2016,,有り,英語|中国語簡体字|中国語繁体字|韓国語,無し,,,あり・チラシ画像
三曲　尺八,2584,芸能花伝舎,2016,2016,,有り,英語|中国語簡体字|中国語繁体字|韓国語,無し,,,あり・チラシ画像
日本舞踊（女子）,2585,芸能花伝舎,2016,2016,,有り,英語|中国語簡体字|中国語繁体字|韓国語,無し,,,あり・チラシ画像
企画展「徳川将軍家の婚礼」みどころ（2017年1月20日）,2586,"東京都江戸東京博物館 - 5F 常設展示室",2016,2016,,無し,,有り,バリアフリー対応施設,なし,なし
日本舞踊（男子）,2587,芸能花伝舎,2016,2016,,有り,英語|中国語簡体字|中国語繁体字|韓国語,無し,,,あり・チラシ画像
長唄　三味線（ユース）,2588,杵家会館,2016,2016,,有り,英語|中国語簡体字|中国語繁体字|韓国語,無し,,なし,あり・チラシ画像
企画展「徳川将軍家の婚礼」みどころ（2017年1月27日）,2589,"東京都江戸東京博物館 - 5F 常設展示室",2016,2016,,無し,,有り,バリアフリー対応施設,なし,なし
三曲　箏曲（ユース）,2590,新宿文化センター,2016,2016,,有り,英語|中国語簡体字|中国語繁体字|韓国語,無し,,なし,あり・チラシ画像
日本舞踊（ユース）,2591,芸能花伝舎,2016,2016,,有り,英語|中国語簡体字|中国語繁体字|韓国語,無し,,なし,あり・チラシ画像
企画展「徳川将軍家の婚礼」みどころ（2017年2月3日）,2592,"東京都江戸東京博物館 - 5F 常設展示室",2016,2016,,無し,,有り,バリアフリー対応施設,なし,なし
空襲と都民（2017年2月10日）,2593,"東京都江戸東京博物館 - 5F 常設展示室",2016,2016,,無し,,有り,バリアフリー対応施設,なし,なし
空襲と都民（2017年2月17日）,2594,"東京都江戸東京博物館 - 5F 常設展示室",2016,2016,,無し,,有り,バリアフリー対応施設,なし,なし
長唄、三曲、日本舞踊、発表会,2595,"国立劇場 - 大劇場",2016,2016,,有り,英語|中国語簡体字|中国語繁体字|韓国語,無し,,,あり・チラシ画像
芝居と遊里（2017年2月24日）,2597,"東京都江戸東京博物館 - 5F 常設展示室",2016,2016,,無し,,有り,バリアフリー対応施設,なし,なし
芝居と遊里（2017年3月3日）,2598,"東京都江戸東京博物館 - 5F 常設展示室",2016,2016,,無し,,有り,バリアフリー対応施設,なし,なし
企画展「戦時下東京のこどもたち」みどころ（2017年3月10日）,2599,"東京都江戸東京博物館 - 5F 常設展示室",2016,2016,,無し,,有り,バリアフリー対応施設,なし,なし
情景再現,2600,"東京都庭園美術館 - 庭園 茶室 「光華」広間",2017,2017,,有り,英語,有り,バリアフリー対応施設,なし,あり・その他画像
開化の背景（2017年3月17日）,2601,"東京都江戸東京博物館 - 5F 常設展示室",2016,2016,,無し,,有り,バリアフリー対応施設,なし,なし
開化の背景（2017年3月24日）,2602,"東京都江戸東京博物館 - 5F 常設展示室",2016,2016,,無し,,有り,バリアフリー対応施設,なし,なし
企画展「戦時下東京のこどもたち」みどころ（2017年3月31日）,2604,"東京都江戸東京博物館 - 5F 常設展示室",2016,2016,,無し,,有り,バリアフリー対応施設,なし,なし
博物館ボランティア,2607,東京都江戸東京博物館,2016,2016,,有り,,有り,バリアフリー対応施設,なし,なし
8月8日（月）～11月6日（日）,2610,"東京都江戸東京博物館 - 1F 小ホール（旧 映像ホール）",2016,2016,,無し,,有り,バリアフリー対応施設,なし,なし
11月8日（火）～2月19日（日）,2611,"東京都江戸東京博物館 - 1F 小ホール（旧 映像ホール）",2016,2016,,無し,,有り,バリアフリー対応施設,なし,なし
2月21日（火）～5月21日（日）,2612,"東京都江戸東京博物館 - 1F 小ホール（旧 映像ホール）",2016,2016,,無し,,有り,バリアフリー対応施設,なし,なし
映像ライブラリーの運営,2613,"東京都江戸東京博物館 - 7F 映像ライブラリー",2016,2016,,無し,,有り,バリアフリー対応施設,なし,なし
狛江市立和泉小学校（2016年10月11日）,2616,狛江市立和泉小学校,2016,2016,,無し,,無し,,なし,なし
日野市立東光寺小学校（2016年10月12日）,2618,日野市立東光寺小学校,2016,2016,,無し,,無し,,なし,なし
青梅市立第二小学校（2016年10月13日）,2620,青梅市立第二小学校,2016,2016,,無し,,無し,,なし,なし
神楽坂楽座～講釈場,2622,"毘沙門天善國寺 - 境内 特設ステージ",2017,2017,,有り,英語,無し,,なし,なし
江東区立毛利小学校（2016年10月16日）,2623,江東区立毛利小学校,2016,2016,,無し,,無し,,なし,なし
三宅村立三宅中学校（2016年10月20日）,2625,三宅村立三宅中学校,2016,2016,,無し,,無し,,なし,なし
成立学園中学・高等学校（2016年10月21日）,2627,成立学園中学・高等学校,2016,2016,,無し,,無し,,なし,なし
武蔵村山市立第二小学校（2016年10月21日）,2629,武蔵村山市立第二小学校,2016,2016,,無し,,無し,,なし,なし
武蔵野市立第一小学校（2016年10月21日）,2631,武蔵野市立第一小学校,2016,2016,,無し,,無し,,なし,なし
小平市立小平第九小学校（2016年10月26日）,2633,小平市立小平第九小学校,2016,2016,,無し,,無し,,なし,なし
清瀬市立清瀬小学校（2016年10月27日）,2635,清瀬市立清瀬小学校,2016,2016,,無し,,無し,,なし,なし
清瀬市立清瀬小学校,2637,清瀬市立清瀬小学校,2016,2016,,無し,,無し,,なし,なし
神楽坂芸能めぐり街角ライブ,2638,神楽坂路上界隈（神楽坂まち舞台・大江戸めぐり）,2017,2017,,有り,英語,無し,,なし,あり・チラシ画像|あり・その他画像
神楽坂路上界隈,2639,神楽坂界隅（神楽坂路上界隅）,2017,2015,,有り,英語,無し,,なし,あり・チラシ画像|あり・その他画像
覗いてみようお座敷遊び,2640,"東京神楽坂組合 - 見番",2017,2017,,有り,英語,無し,,なし,あり・チラシ画像|あり・その他画像
葛飾区立飯塚小学校（2016年10月27日）,2641,葛飾区立飯塚小学校,2016,2016,,無し,,無し,,なし,なし
羽村市立武蔵野小学校（2016年11月4日）,2643,羽村市立武蔵野小学校,2016,2016,,無し,,無し,,なし,なし
東京都立工芸高等学校（2016年11月9日）,2645,東京都立工芸高等学校,2016,2016,,無し,,無し,,なし,なし
荒川区立第七中学校（2016年11月12日）,2647,荒川区立第七中学校,2016,2016,,無し,,無し,,なし,なし
練馬区立光が丘第四中学校（2016年11月12日）,2649,練馬区立光が丘第四中学校,2016,2016,,無し,,無し,,なし,なし
八王子市立楢原中学校（2016年11月24日）,2651,八王子市立楢原中学校,2016,2016,,無し,,無し,,なし,なし
世田谷区立烏山小学校（2016年11月25日）,2653,世田谷区立烏山小学校,2016,2016,,無し,,無し,,なし,なし
東村山市立大岱小学校（2016年11月28日）,2655,東村山市立大岱小学校,2016,2016,,無し,,無し,,なし,なし
八王子市立由井第二小学校（2016年12月6日）,2657,八王子市立由井第二小学校,2016,2016,,無し,,無し,,なし,なし
東京都立三鷹中等教育学校（2016年12月7日）,2659,東京都立三鷹中等教育学校,2016,2016,,無し,,無し,,なし,なし
大田区立高畑小学校（2016年12月19日）,2661,大田区立高畑小学校,2016,2016,,無し,,無し,,なし,なし
東京都立中央ろう学校（2017年1月17日）,2663,東京都立中央ろう学校,2016,2016,,無し,,無し,,なし,なし
